complex_id,complex_name,deal_type,area_exclusive,floor,price_or_deposit,monthly_rent,contract_date,deal_ymd,collected_at,source,raw_apt_name
cantabile,칸타빌,전세,84.976,12,36750,0,2021-09-02,202109,2026-08-30,molit_rent,죽동대원칸타빌
cantabile,칸타빌,전세,84.976,24,54000,0,2021-09-04,202109,2026-08-30,molit_rent,죽동대원칸타빌
cantabile,칸타빌,매매,84.937,24,84000,0,2021-09-10,202109,2026-08-30,molit_trade,죽동대원칸타빌
cantabile,칸타빌,월세,84.989,12,10000,120,2021-09-13,202109,2026-08-30,molit_rent,죽동대원칸타빌
cantabile,칸타빌,전세,84.937,27,36750,0,2021-09-18,202109,2026-08-30,molit_rent,죽동대원칸타빌
cantabile,칸타빌,전세,74.883,16,47000,0,2021-09-22,202109,2026-08-30,molit_rent,죽동대원칸타빌
cantabile,칸타빌,전세,74.883,30,44000,0,2021-10-01,202110,2026-08-30,molit_rent,죽동대원칸타빌
cantabile,칸타빌,전세,84.937,11,35700,0,2021-10-02,202110,2026-08-30,molit_rent,죽동대원칸타빌
cantabile,칸타빌,월세,84.937,11,3000,135,2021-10-04,202110,2026-08-30,molit_rent,죽동대원칸타빌
cantabile,칸타빌,매매,84.937,9,85000,0,2021-10-05,202110,2026-08-30,molit_trade,죽동대원칸타빌
cantabile,칸타빌,매매,74.704,3,63000,0,2021-10-09,202110,2026-08-30,molit_trade,죽동대원칸타빌
cantabile,칸타빌,전세,74.883,6,45000,0,2021-10-09,202110,2026-08-30,molit_rent,죽동대원칸타빌
cantabile,칸타빌,월세,84.937,16,5000,120,2021-10-09,202110,2026-08-30,molit_rent,죽동대원칸타빌
cantabile,칸타빌,전세,84.976,18,55000,0,2021-10-11,202110,2026-08-30,molit_rent,죽동대원칸타빌
cantabile,칸타빌,월세,74.883,9,5000,120,2021-10-20,202110,2026-08-30,molit_rent,죽동대원칸타빌
cantabile,칸타빌,전세,84.976,13,43000,0,2021-10-20,202110,2026-08-30,molit_rent,죽동대원칸타빌
cantabile,칸타빌,전세,74.883,11,34100,0,2021-10-23,202110,2026-08-30,molit_rent,죽동대원칸타빌
cantabile,칸타빌,월세,74.883,19,5000,120,2021-10-25,202110,2026-08-30,molit_rent,죽동대원칸타빌
cantabile,칸타빌,전세,74.704,3,50000,0,2021-10-26,202110,2026-08-30,molit_rent,죽동대원칸타빌
cantabile,칸타빌,전세,84.976,2,35700,0,2021-10-26,202110,2026-08-30,molit_rent,죽동대원칸타빌
cantabile,칸타빌,월세,84.937,10,36000,70,2021-10-27,202110,2026-08-30,molit_rent,죽동대원칸타빌
cantabile,칸타빌,전세,74.883,2,33600,0,2021-11-04,202111,2026-08-30,molit_rent,죽동대원칸타빌
cantabile,칸타빌,매매,84.937,6,80800,0,2021-11-06,202111,2026-08-30,molit_trade,죽동대원칸타빌
cantabile,칸타빌,매매,84.937,15,83800,0,2021-11-06,202111,2026-08-30,molit_trade,죽동대원칸타빌
cantabile,칸타빌,전세,74.704,3,44000,0,2021-11-06,202111,2026-08-30,molit_rent,죽동대원칸타빌
cantabile,칸타빌,전세,84.937,33,46500,0,2021-11-10,202111,2026-08-30,molit_rent,죽동대원칸타빌
cantabile,칸타빌,전세,74.704,20,44000,0,2021-11-13,202111,2026-08-30,molit_rent,죽동대원칸타빌
cantabile,칸타빌,전세,84.989,14,46500,0,2021-11-13,202111,2026-08-30,molit_rent,죽동대원칸타빌
cantabile,칸타빌,전세,74.704,14,40000,0,2021-11-13,202111,2026-08-30,molit_rent,죽동대원칸타빌
cantabile,칸타빌,전세,84.989,13,36750,0,2021-11-20,202111,2026-08-30,molit_rent,죽동대원칸타빌
cantabile,칸타빌,전세,84.937,13,50000,0,2021-11-20,202111,2026-08-30,molit_rent,죽동대원칸타빌
cantabile,칸타빌,전세,74.883,13,43500,0,2021-11-20,202111,2026-08-30,molit_rent,죽동대원칸타빌
cantabile,칸타빌,월세,74.883,25,20000,70,2021-11-22,202111,2026-08-30,molit_rent,죽동대원칸타빌
cantabile,칸타빌,전세,74.704,12,40000,0,2021-11-25,202111,2026-08-30,molit_rent,죽동대원칸타빌
cantabile,칸타빌,전세,84.937,25,49000,0,2021-11-26,202111,2026-08-30,molit_rent,죽동대원칸타빌
cantabile,칸타빌,전세,84.937,14,43000,0,2021-11-28,202111,2026-08-30,molit_rent,죽동대원칸타빌
cantabile,칸타빌,전세,84.989,25,50000,0,2021-11-29,202111,2026-08-30,molit_rent,죽동대원칸타빌
cantabile,칸타빌,전세,74.883,18,37000,0,2021-12-02,202112,2026-08-30,molit_rent,죽동대원칸타빌
cantabile,칸타빌,매매,74.883,15,69000,0,2021-12-10,202112,2026-08-30,molit_trade,죽동대원칸타빌
cantabile,칸타빌,월세,84.937,20,10000,120,2021-12-15,202112,2026-08-30,molit_rent,죽동대원칸타빌
cantabile,칸타빌,전세,84.937,6,40000,0,2021-12-16,202112,2026-08-30,molit_rent,죽동대원칸타빌
cantabile,칸타빌,전세,84.937,1,52000,0,2021-12-17,202112,2026-08-30,molit_rent,죽동대원칸타빌
cantabile,칸타빌,전세,74.704,26,38000,0,2021-12-18,202112,2026-08-30,molit_rent,죽동대원칸타빌
cantabile,칸타빌,전세,74.883,21,33600,0,2021-12-22,202112,2026-08-30,molit_rent,죽동대원칸타빌
cantabile,칸타빌,전세,84.937,21,52000,0,2021-12-23,202112,2026-08-30,molit_rent,죽동대원칸타빌
cantabile,칸타빌,매매,84.989,26,80000,0,2021-12-26,202112,2026-08-30,molit_trade,죽동대원칸타빌
cantabile,칸타빌,전세,74.704,25,35000,0,2021-12-27,202112,2026-08-30,molit_rent,죽동대원칸타빌
cantabile,칸타빌,매매,84.989,26,80000,0,2021-12-28,202112,2026-08-30,molit_trade,죽동대원칸타빌
cantabile,칸타빌,매매,84.937,6,80000,0,2021-12-28,202112,2026-08-30,molit_trade,죽동대원칸타빌
cantabile,칸타빌,전세,84.937,15,48000,0,2021-12-28,202112,2026-08-30,molit_rent,죽동대원칸타빌
cantabile,칸타빌,전세,84.976,6,48000,0,2021-12-28,202112,2026-08-30,molit_rent,죽동대원칸타빌
cantabile,칸타빌,월세,74.883,13,20000,55,2022-01-06,202201,2026-08-30,molit_rent,죽동대원칸타빌
cantabile,칸타빌,매매,84.937,5,70000,0,2022-01-08,202201,2026-08-30,molit_trade,죽동대원칸타빌
cantabile,칸타빌,전세,84.937,17,44000,0,2022-01-08,202201,2026-08-30,molit_rent,죽동대원칸타빌
cantabile,칸타빌,전세,84.937,27,43000,0,2022-01-10,202201,2026-08-30,molit_rent,죽동대원칸타빌
cantabile,칸타빌,전세,74.883,26,40000,0,2022-01-10,202201,2026-08-30,molit_rent,죽동대원칸타빌
cantabile,칸타빌,전세,74.883,12,42000,0,2022-01-12,202201,2026-08-30,molit_rent,죽동대원칸타빌
cantabile,칸타빌,전세,74.704,12,42000,0,2022-01-13,202201,2026-08-30,molit_rent,죽동대원칸타빌
cantabile,칸타빌,월세,74.883,5,3000,115,2022-01-20,202201,2026-08-30,molit_rent,죽동대원칸타빌
cantabile,칸타빌,매매,84.937,15,72000,0,2022-01-22,202201,2026-08-30,molit_trade,죽동대원칸타빌
cantabile,칸타빌,전세,74.883,27,40000,0,2022-01-25,202201,2026-08-30,molit_rent,죽동대원칸타빌
cantabile,칸타빌,전세,74.883,5,35000,0,2022-01-25,202201,2026-08-30,molit_rent,죽동대원칸타빌
cantabile,칸타빌,월세,74.883,19,3000,100,2022-02-03,202202,2026-08-30,molit_rent,죽동대원칸타빌
cantabile,칸타빌,매매,84.976,29,75000,0,2022-02-08,202202,2026-08-30,molit_trade,죽동대원칸타빌
cantabile,칸타빌,전세,84.976,3,45000,0,2022-02-12,202202,2026-08-30,molit_rent,죽동대원칸타빌
cantabile,칸타빌,전세,74.704,23,32500,0,2022-02-12,202202,2026-08-30,molit_rent,죽동대원칸타빌
cantabile,칸타빌,전세,74.704,30,34000,0,2022-02-13,202202,2026-08-30,molit_rent,죽동대원칸타빌
cantabile,칸타빌,매매,84.937,21,70500,0,2022-02-16,202202,2026-08-30,molit_trade,죽동대원칸타빌
cantabile,칸타빌,월세,84.937,14,10000,130,2022-02-16,202202,2026-08-30,molit_rent,죽동대원칸타빌
cantabile,칸타빌,전세,74.883,9,35000,0,2022-02-17,202202,2026-08-30,molit_rent,죽동대원칸타빌
cantabile,칸타빌,월세,74.883,8,3000,130,2022-02-18,202202,2026-08-30,molit_rent,죽동대원칸타빌
cantabile,칸타빌,매매,74.883,10,61000,0,2022-02-19,202202,2026-08-30,molit_trade,죽동대원칸타빌
cantabile,칸타빌,전세,74.883,3,40000,0,2022-02-19,202202,2026-08-30,molit_rent,죽동대원칸타빌
cantabile,칸타빌,월세,74.883,20,33000,8,2022-02-22,202202,2026-08-30,molit_rent,죽동대원칸타빌
cantabile,칸타빌,전세,74.704,15,37500,0,2022-02-25,202202,2026-08-30,molit_rent,죽동대원칸타빌
cantabile,칸타빌,전세,84.937,14,39000,0,2022-02-26,202202,2026-08-30,molit_rent,죽동대원칸타빌
cantabile,칸타빌,전세,84.937,12,37000,0,2022-02-26,202202,2026-08-30,molit_rent,죽동대원칸타빌
cantabile,칸타빌,전세,84.937,19,37800,0,2022-02-28,202202,2026-08-30,molit_rent,죽동대원칸타빌
cantabile,칸타빌,전세,74.883,24,31500,0,2022-02-28,202202,2026-08-30,molit_rent,죽동대원칸타빌
cantabile,칸타빌,매매,84.937,27,76000,0,2022-03-01,202203,2026-08-30,molit_trade,죽동대원칸타빌
cantabile,칸타빌,월세,84.976,9,5000,130,2022-03-05,202203,2026-08-30,molit_rent,죽동대원칸타빌
cantabile,칸타빌,전세,74.883,24,35700,0,2022-03-07,202203,2026-08-30,molit_rent,죽동대원칸타빌
cantabile,칸타빌,전세,74.883,28,34650,0,2022-03-10,202203,2026-08-30,molit_rent,죽동대원칸타빌
cantabile,칸타빌,전세,74.704,17,32500,0,2022-03-12,202203,2026-08-30,molit_rent,죽동대원칸타빌
cantabile,칸타빌,전세,84.989,11,42000,0,2022-03-12,202203,2026-08-30,molit_rent,죽동대원칸타빌
cantabile,칸타빌,전세,84.937,27,54000,0,2022-03-15,202203,2026-08-30,molit_rent,죽동대원칸타빌
cantabile,칸타빌,매매,84.989,8,69800,0,2022-03-16,202203,2026-08-30,molit_trade,죽동대원칸타빌
cantabile,칸타빌,매매,84.937,15,80000,0,2022-03-21,202203,2026-08-30,molit_trade,죽동대원칸타빌
cantabile,칸타빌,전세,84.937,6,41000,0,2022-03-26,202203,2026-08-30,molit_rent,죽동대원칸타빌
cantabile,칸타빌,매매,74.883,6,62000,0,2022-03-27,202203,2026-08-30,molit_trade,죽동대원칸타빌
cantabile,칸타빌,매매,84.989,15,69500,0,2022-03-28,202203,2026-08-30,molit_trade,죽동대원칸타빌
cantabile,칸타빌,전세,84.976,4,40000,0,2022-03-30,202203,2026-08-30,molit_rent,죽동대원칸타빌
cantabile,칸타빌,전세,74.883,11,40000,0,2022-04-01,202204,2026-08-30,molit_rent,죽동대원칸타빌
cantabile,칸타빌,전세,84.989,21,38000,0,2022-04-02,202204,2026-08-30,molit_rent,죽동대원칸타빌
cantabile,칸타빌,전세,84.937,21,50000,0,2022-04-04,202204,2026-08-30,molit_rent,죽동대원칸타빌
cantabile,칸타빌,월세,84.937,19,10000,110,2022-04-07,202204,2026-08-30,molit_rent,죽동대원칸타빌
cantabile,칸타빌,전세,84.937,20,45000,0,2022-04-07,202204,2026-08-30,molit_rent,죽동대원칸타빌
cantabile,칸타빌,매매,84.937,5,65000,0,2022-04-09,202204,2026-08-30,molit_trade,죽동대원칸타빌
cantabile,칸타빌,전세,74.883,29,34650,0,2022-04-09,202204,2026-08-30,molit_rent,죽동대원칸타빌
cantabile,칸타빌,전세,84.937,14,45000,0,2022-04-11,202204,2026-08-30,molit_rent,죽동대원칸타빌
cantabile,칸타빌,전세,84.976,15,38000,0,2022-04-14,202204,2026-08-30,molit_rent,죽동대원칸타빌
cantabile,칸타빌,전세,74.883,3,31500,0,2022-04-14,202204,2026-08-30,molit_rent,죽동대원칸타빌
cantabile,칸타빌,매매,84.976,2,76000,0,2022-04-15,202204,2026-08-30,molit_trade,죽동대원칸타빌
cantabile,칸타빌,매매,74.704,10,57000,0,2022-04-15,202204,2026-08-30,molit_trade,죽동대원칸타빌
cantabile,칸타빌,월세,84.937,23,5000,120,2022-04-15,202204,2026-08-30,molit_rent,죽동대원칸타빌
cantabile,칸타빌,전세,74.883,8,36000,0,2022-04-16,202204,2026-08-30,molit_rent,죽동대원칸타빌
cantabile,칸타빌,전세,84.937,6,43000,0,2022-04-18,202204,2026-08-30,molit_rent,죽동대원칸타빌
cantabile,칸타빌,매매,84.937,19,70000,0,2022-04-21,202204,2026-08-30,molit_trade,죽동대원칸타빌
cantabile,칸타빌,매매,84.937,6,67000,0,2022-04-23,202204,2026-08-30,molit_trade,죽동대원칸타빌
cantabile,칸타빌,매매,84.937,6,65000,0,2022-04-23,202204,2026-08-30,molit_trade,죽동대원칸타빌
cantabile,칸타빌,전세,84.989,17,40000,0,2022-04-23,202204,2026-08-30,molit_rent,죽동대원칸타빌
cantabile,칸타빌,전세,84.989,17,38800,0,2022-05-03,202205,2026-08-30,molit_rent,죽동대원칸타빌
cantabile,칸타빌,전세,84.976,1,48000,0,2022-05-03,202205,2026-08-30,molit_rent,죽동대원칸타빌
cantabile,칸타빌,전세,84.937,10,35000,0,2022-05-06,202205,2026-08-30,molit_rent,죽동대원칸타빌
cantabile,칸타빌,전세,84.989,22,37800,0,2022-05-09,202205,2026-08-30,molit_rent,죽동대원칸타빌
cantabile,칸타빌,전세,84.937,5,45000,0,2022-05-10,202205,2026-08-30,molit_rent,죽동대원칸타빌
cantabile,칸타빌,매매,84.989,24,74300,0,2022-05-12,202205,2026-08-30,molit_trade,죽동대원칸타빌
cantabile,칸타빌,전세,84.976,20,43000,0,2022-05-13,202205,2026-08-30,molit_rent,죽동대원칸타빌
cantabile,칸타빌,전세,84.989,28,43000,0,2022-05-19,202205,2026-08-30,molit_rent,죽동대원칸타빌
cantabile,칸타빌,매매,84.976,7,69000,0,2022-05-22,202205,2026-08-30,molit_trade,죽동대원칸타빌
cantabile,칸타빌,매매,74.883,6,54500,0,2022-05-23,202205,2026-08-30,molit_trade,죽동대원칸타빌
cantabile,칸타빌,월세,84.937,15,5000,105,2022-05-27,202205,2026-08-30,molit_rent,죽동대원칸타빌
cantabile,칸타빌,매매,74.883,11,63000,0,2022-05-28,202205,2026-08-30,molit_trade,죽동대원칸타빌
cantabile,칸타빌,전세,84.937,6,40000,0,2022-05-28,202205,2026-08-30,molit_rent,죽동대원칸타빌
cantabile,칸타빌,전세,84.937,13,38850,0,2022-06-04,202206,2026-08-30,molit_rent,죽동대원칸타빌
cantabile,칸타빌,월세,84.937,4,10000,100,2022-06-07,202206,2026-08-30,molit_rent,죽동대원칸타빌
cantabile,칸타빌,전세,84.937,4,42000,0,2022-06-09,202206,2026-08-30,molit_rent,죽동대원칸타빌
cantabile,칸타빌,전세,84.976,13,45000,0,2022-06-13,202206,2026-08-30,molit_rent,죽동대원칸타빌
cantabile,칸타빌,전세,74.883,2,36000,0,2022-06-19,202206,2026-08-30,molit_rent,죽동대원칸타빌
cantabile,칸타빌,전세,74.883,12,30000,0,2022-06-24,202206,2026-08-30,molit_rent,죽동대원칸타빌
cantabile,칸타빌,매매,84.937,24,67000,0,2022-06-25,202206,2026-08-30,molit_trade,죽동대원칸타빌
cantabile,칸타빌,매매,84.937,15,71000,0,2022-06-30,202206,2026-08-30,molit_trade,죽동대원칸타빌
cantabile,칸타빌,전세,84.937,9,43000,0,2022-07-03,202207,2026-08-30,molit_rent,죽동대원칸타빌
cantabile,칸타빌,전세,84.937,15,53000,0,2022-07-04,202207,2026-08-30,molit_rent,죽동대원칸타빌
cantabile,칸타빌,전세,74.883,7,36000,0,2022-07-05,202207,2026-08-30,molit_rent,죽동대원칸타빌
cantabile,칸타빌,전세,84.989,20,42000,0,2022-07-08,202207,2026-08-30,molit_rent,죽동대원칸타빌
cantabile,칸타빌,전세,84.989,26,44000,0,2022-07-12,202207,2026-08-30,molit_rent,죽동대원칸타빌
cantabile,칸타빌,전세,84.937,11,46000,0,2022-07-12,202207,2026-08-30,molit_rent,죽동대원칸타빌
cantabile,칸타빌,월세,84.937,13,3000,140,2022-07-15,202207,2026-08-30,molit_rent,죽동대원칸타빌
cantabile,칸타빌,월세,74.704,13,5000,110,2022-07-31,202207,2026-08-30,molit_rent,죽동대원칸타빌
cantabile,칸타빌,매매,84.937,20,68000,0,2022-08-06,202208,2026-08-30,molit_trade,죽동대원칸타빌
cantabile,칸타빌,매매,84.937,10,70000,0,2022-08-06,202208,2026-08-30,molit_trade,죽동대원칸타빌
cantabile,칸타빌,전세,84.937,16,40950,0,2022-08-07,202208,2026-08-30,molit_rent,죽동대원칸타빌
cantabile,칸타빌,전세,84.937,23,42000,0,2022-08-11,202208,2026-08-30,molit_rent,죽동대원칸타빌
cantabile,칸타빌,전세,84.989,23,41000,0,2022-08-11,202208,2026-08-30,molit_rent,죽동대원칸타빌
cantabile,칸타빌,월세,84.989,16,20000,90,2022-08-13,202208,2026-08-30,molit_rent,죽동대원칸타빌
cantabile,칸타빌,전세,84.937,10,45000,0,2022-08-26,202208,2026-08-30,molit_rent,죽동대원칸타빌
cantabile,칸타빌,전세,84.937,20,45000,0,2022-08-26,202208,2026-08-30,molit_rent,죽동대원칸타빌
cantabile,칸타빌,전세,84.937,12,40000,0,2022-08-28,202208,2026-08-30,molit_rent,죽동대원칸타빌
cantabile,칸타빌,전세,74.883,26,34000,0,2022-08-31,202208,2026-08-30,molit_rent,죽동대원칸타빌
cantabile,칸타빌,월세,84.976,11,5000,140,2022-09-01,202209,2026-08-30,molit_rent,죽동대원칸타빌
cantabile,칸타빌,매매,74.883,17,54700,0,2022-09-03,202209,2026-08-30,molit_trade,죽동대원칸타빌
cantabile,칸타빌,월세,84.937,2,3500,140,2022-09-07,202209,2026-08-30,molit_rent,죽동대원칸타빌
cantabile,칸타빌,매매,84.937,19,64000,0,2022-09-15,202209,2026-08-30,molit_trade,죽동대원칸타빌
cantabile,칸타빌,매매,84.989,22,68000,0,2022-09-17,202209,2026-08-30,molit_trade,죽동대원칸타빌
cantabile,칸타빌,매매,74.883,27,53000,0,2022-09-23,202209,2026-08-30,molit_trade,죽동대원칸타빌
cantabile,칸타빌,전세,84.937,23,42000,0,2022-09-24,202209,2026-08-30,molit_rent,죽동대원칸타빌
cantabile,칸타빌,매매,74.883,25,54000,0,2022-09-26,202209,2026-08-30,molit_trade,죽동대원칸타빌
cantabile,칸타빌,월세,84.937,22,10000,100,2022-10-01,202210,2026-08-30,molit_rent,죽동대원칸타빌
cantabile,칸타빌,전세,84.937,11,39000,0,2022-10-03,202210,2026-08-30,molit_rent,죽동대원칸타빌
cantabile,칸타빌,월세,74.704,20,5000,120,2022-10-06,202210,2026-08-30,molit_rent,죽동대원칸타빌
cantabile,칸타빌,전세,74.883,17,34000,0,2022-10-08,202210,2026-08-30,molit_rent,죽동대원칸타빌
cantabile,칸타빌,월세,74.883,4,5000,100,2022-10-08,202210,2026-08-30,molit_rent,죽동대원칸타빌
cantabile,칸타빌,매매,84.937,12,61000,0,2022-10-10,202210,2026-08-30,molit_trade,죽동대원칸타빌
cantabile,칸타빌,월세,74.883,12,15000,60,2022-10-10,202210,2026-08-30,molit_rent,죽동대원칸타빌
cantabile,칸타빌,매매,84.937,21,63000,0,2022-10-11,202210,2026-08-30,molit_trade,죽동대원칸타빌
cantabile,칸타빌,전세,74.704,11,35000,0,2022-10-11,202210,2026-08-30,molit_rent,죽동대원칸타빌
cantabile,칸타빌,전세,84.989,5,38500,0,2022-10-19,202210,2026-08-30,molit_rent,죽동대원칸타빌
cantabile,칸타빌,전세,84.976,2,38000,0,2022-10-22,202210,2026-08-30,molit_rent,죽동대원칸타빌
cantabile,칸타빌,전세,74.704,19,36000,0,2022-10-23,202210,2026-08-30,molit_rent,죽동대원칸타빌
cantabile,칸타빌,매매,84.989,22,75000,0,2022-10-25,202210,2026-08-30,molit_trade,죽동대원칸타빌
cantabile,칸타빌,전세,84.937,19,44000,0,2022-10-26,202210,2026-08-30,molit_rent,죽동대원칸타빌
cantabile,칸타빌,전세,74.883,25,37000,0,2022-10-29,202210,2026-08-30,molit_rent,죽동대원칸타빌
cantabile,칸타빌,매매,74.883,6,55000,0,2022-10-30,202210,2026-08-30,molit_trade,죽동대원칸타빌
cantabile,칸타빌,매매,74.883,7,55000,0,2022-10-30,202210,2026-08-30,molit_trade,죽동대원칸타빌
cantabile,칸타빌,월세,84.937,11,15000,85,2022-10-30,202210,2026-08-30,molit_rent,죽동대원칸타빌
cantabile,칸타빌,매매,84.976,15,64800,0,2022-10-31,202210,2026-08-30,molit_trade,죽동대원칸타빌
cantabile,칸타빌,전세,74.883,3,34000,0,2022-10-31,202210,2026-08-30,molit_rent,죽동대원칸타빌
cantabile,칸타빌,월세,84.976,11,5000,140,2022-11-05,202211,2026-08-30,molit_rent,죽동대원칸타빌
cantabile,칸타빌,전세,74.883,23,34000,0,2022-11-07,202211,2026-08-30,molit_rent,죽동대원칸타빌
cantabile,칸타빌,월세,84.989,18,5000,130,2022-11-11,202211,2026-08-30,molit_rent,죽동대원칸타빌
cantabile,칸타빌,전세,84.937,9,45000,0,2022-11-11,202211,2026-08-30,molit_rent,죽동대원칸타빌
cantabile,칸타빌,매매,84.937,11,61000,0,2022-11-14,202211,2026-08-30,molit_trade,죽동대원칸타빌
cantabile,칸타빌,매매,84.937,20,66000,0,2022-11-15,202211,2026-08-30,molit_trade,죽동대원칸타빌
cantabile,칸타빌,매매,84.937,8,62000,0,2022-11-16,202211,2026-08-30,molit_trade,죽동대원칸타빌
cantabile,칸타빌,월세,74.704,15,5000,110,2022-11-19,202211,2026-08-30,molit_rent,죽동대원칸타빌
cantabile,칸타빌,전세,84.989,1,38000,0,2022-11-20,202211,2026-08-30,molit_rent,죽동대원칸타빌
cantabile,칸타빌,월세,74.883,18,2000,130,2022-11-22,202211,2026-08-30,molit_rent,죽동대원칸타빌
cantabile,칸타빌,월세,84.989,10,10000,100,2022-11-23,202211,2026-08-30,molit_rent,죽동대원칸타빌
cantabile,칸타빌,매매,84.937,13,45000,0,2022-11-25,202211,2026-08-30,molit_trade,죽동대원칸타빌
cantabile,칸타빌,전세,74.883,19,34000,0,2022-11-25,202211,2026-08-30,molit_rent,죽동대원칸타빌
cantabile,칸타빌,전세,84.937,14,40000,0,2022-11-25,202211,2026-08-30,molit_rent,죽동대원칸타빌
cantabile,칸타빌,전세,84.937,25,40000,0,2022-11-25,202211,2026-08-30,molit_rent,죽동대원칸타빌
cantabile,칸타빌,전세,84.937,9,39000,0,2022-11-27,202211,2026-08-30,molit_rent,죽동대원칸타빌
cantabile,칸타빌,전세,84.937,20,40000,0,2022-11-28,202211,2026-08-30,molit_rent,죽동대원칸타빌
cantabile,칸타빌,매매,84.937,18,60500,0,2022-12-03,202212,2026-08-30,molit_trade,죽동대원칸타빌
cantabile,칸타빌,전세,84.937,19,30000,0,2022-12-03,202212,2026-08-30,molit_rent,죽동대원칸타빌
cantabile,칸타빌,월세,84.989,5,3000,145,2022-12-05,202212,2026-08-30,molit_rent,죽동대원칸타빌
cantabile,칸타빌,매매,84.976,19,62000,0,2022-12-06,202212,2026-08-30,molit_trade,죽동대원칸타빌
cantabile,칸타빌,전세,84.937,22,37000,0,2022-12-06,202212,2026-08-30,molit_rent,죽동대원칸타빌
cantabile,칸타빌,전세,84.937,3,36000,0,2022-12-09,202212,2026-08-30,molit_rent,죽동대원칸타빌
cantabile,칸타빌,전세,84.937,3,45000,0,2022-12-09,202212,2026-08-30,molit_rent,죽동대원칸타빌
cantabile,칸타빌,매매,74.883,10,49000,0,2022-12-14,202212,2026-08-30,molit_trade,죽동대원칸타빌
cantabile,칸타빌,전세,74.883,10,34000,0,2022-12-17,202212,2026-08-30,molit_rent,죽동대원칸타빌
cantabile,칸타빌,매매,84.989,26,60000,0,2022-12-20,202212,2026-08-30,molit_trade,죽동대원칸타빌
cantabile,칸타빌,전세,84.989,26,35000,0,2022-12-23,202212,2026-08-30,molit_rent,죽동대원칸타빌
cantabile,칸타빌,매매,84.937,13,60000,0,2022-12-24,202212,2026-08-30,molit_trade,죽동대원칸타빌
cantabile,칸타빌,전세,74.704,13,35000,0,2022-12-24,202212,2026-08-30,molit_rent,죽동대원칸타빌
cantabile,칸타빌,월세,84.976,26,20000,90,2022-12-26,202212,2026-08-30,molit_rent,죽동대원칸타빌
cantabile,칸타빌,전세,74.704,12,33000,0,2023-01-05,202301,2026-08-30,molit_rent,죽동대원칸타빌
cantabile,칸타빌,매매,84.976,29,59800,0,2023-01-07,202301,2026-08-30,molit_trade,죽동대원칸타빌
cantabile,칸타빌,전세,84.989,11,32000,0,2023-01-08,202301,2026-08-30,molit_rent,죽동대원칸타빌
cantabile,칸타빌,전세,74.704,10,30000,0,2023-01-09,202301,2026-08-30,molit_rent,죽동대원칸타빌
cantabile,칸타빌,매매,84.937,14,59500,0,2023-01-10,202301,2026-08-30,molit_trade,죽동대원칸타빌
cantabile,칸타빌,전세,84.989,25,37000,0,2023-01-12,202301,2026-08-30,molit_rent,죽동대원칸타빌
cantabile,칸타빌,전세,84.989,26,38000,0,2023-01-12,202301,2026-08-30,molit_rent,죽동대원칸타빌
cantabile,칸타빌,매매,74.704,17,48000,0,2023-01-13,202301,2026-08-30,molit_trade,죽동대원칸타빌
cantabile,칸타빌,전세,84.937,9,34000,0,2023-01-14,202301,2026-08-30,molit_rent,죽동대원칸타빌
cantabile,칸타빌,전세,84.937,6,33000,0,2023-01-14,202301,2026-08-30,molit_rent,죽동대원칸타빌
cantabile,칸타빌,매매,84.937,8,57000,0,2023-01-15,202301,2026-08-30,molit_trade,죽동대원칸타빌
cantabile,칸타빌,전세,84.937,14,35000,0,2023-01-15,202301,2026-08-30,molit_rent,죽동대원칸타빌
cantabile,칸타빌,매매,84.937,3,54500,0,2023-01-19,202301,2026-08-30,molit_trade,죽동대원칸타빌
cantabile,칸타빌,전세,84.989,2,34500,0,2023-01-27,202301,2026-08-30,molit_rent,죽동대원칸타빌
cantabile,칸타빌,전세,74.883,3,36500,0,2023-01-27,202301,2026-08-30,molit_rent,죽동대원칸타빌
cantabile,칸타빌,매매,84.989,26,59500,0,2023-01-28,202301,2026-08-30,molit_trade,죽동대원칸타빌
cantabile,칸타빌,월세,74.883,8,3000,120,2023-01-30,202301,2026-08-30,molit_rent,죽동대원칸타빌
cantabile,칸타빌,전세,84.937,20,35000,0,2023-02-04,202302,2026-08-30,molit_rent,죽동대원칸타빌
cantabile,칸타빌,전세,84.937,15,30000,0,2023-02-05,202302,2026-08-30,molit_rent,죽동대원칸타빌
cantabile,칸타빌,월세,84.937,4,30000,25,2023-02-06,202302,2026-08-30,molit_rent,죽동대원칸타빌
cantabile,칸타빌,월세,84.989,5,5000,125,2023-02-08,202302,2026-08-30,molit_rent,죽동대원칸타빌
cantabile,칸타빌,전세,74.883,18,30000,0,2023-02-09,202302,2026-08-30,molit_rent,죽동대원칸타빌
cantabile,칸타빌,매매,74.704,8,50000,0,2023-02-10,202302,2026-08-30,molit_trade,죽동대원칸타빌
cantabile,칸타빌,전세,74.704,23,30000,0,2023-02-11,202302,2026-08-30,molit_rent,죽동대원칸타빌
cantabile,칸타빌,매매,74.883,23,49000,0,2023-02-14,202302,2026-08-30,molit_trade,죽동대원칸타빌
cantabile,칸타빌,전세,84.937,20,30000,0,2023-02-15,202302,2026-08-30,molit_rent,죽동대원칸타빌
cantabile,칸타빌,전세,84.937,27,32000,0,2023-02-18,202302,2026-08-30,molit_rent,죽동대원칸타빌
cantabile,칸타빌,전세,74.704,22,30000,0,2023-02-18,202302,2026-08-30,molit_rent,죽동대원칸타빌
cantabile,칸타빌,전세,84.989,22,32000,0,2023-02-19,202302,2026-08-30,molit_rent,죽동대원칸타빌
cantabile,칸타빌,전세,84.937,29,32000,0,2023-02-19,202302,2026-08-30,molit_rent,죽동대원칸타빌
cantabile,칸타빌,전세,74.704,20,31000,0,2023-02-20,202302,2026-08-30,molit_rent,죽동대원칸타빌
cantabile,칸타빌,전세,84.989,6,37000,0,2023-02-20,202302,2026-08-30,molit_rent,죽동대원칸타빌
cantabile,칸타빌,전세,84.937,15,35500,0,2023-02-21,202302,2026-08-30,molit_rent,죽동대원칸타빌
cantabile,칸타빌,매매,84.937,4,54500,0,2023-02-23,202302,2026-08-30,molit_trade,죽동대원칸타빌
cantabile,칸타빌,전세,84.989,18,32000,0,2023-02-26,202302,2026-08-30,molit_rent,죽동대원칸타빌
cantabile,칸타빌,매매,74.883,23,46000,0,2023-03-01,202303,2026-08-30,molit_trade,죽동대원칸타빌
cantabile,칸타빌,전세,74.883,15,31000,0,2023-03-01,202303,2026-08-30,molit_rent,죽동대원칸타빌
cantabile,칸타빌,전세,74.883,18,36000,0,2023-03-01,202303,2026-08-30,molit_rent,죽동대원칸타빌
cantabile,칸타빌,매매,84.976,21,61000,0,2023-03-02,202303,2026-08-30,molit_trade,죽동대원칸타빌
cantabile,칸타빌,매매,74.704,26,51000,0,2023-03-02,202303,2026-08-30,molit_trade,죽동대원칸타빌
cantabile,칸타빌,전세,74.883,23,41000,0,2023-03-02,202303,2026-08-30,molit_rent,죽동대원칸타빌
cantabile,칸타빌,전세,84.937,10,34000,0,2023-03-04,202303,2026-08-30,molit_rent,죽동대원칸타빌
cantabile,칸타빌,월세,84.937,22,3000,130,2023-03-04,202303,2026-08-30,molit_rent,죽동대원칸타빌
cantabile,칸타빌,전세,84.937,23,40000,0,2023-03-04,202303,2026-08-30,molit_rent,죽동대원칸타빌
cantabile,칸타빌,매매,74.883,28,46500,0,2023-03-06,202303,2026-08-30,molit_trade,죽동대원칸타빌
cantabile,칸타빌,전세,74.883,15,33000,0,2023-03-06,202303,2026-08-30,molit_rent,죽동대원칸타빌
cantabile,칸타빌,전세,74.704,14,30000,0,2023-03-08,202303,2026-08-30,molit_rent,죽동대원칸타빌
cantabile,칸타빌,전세,74.704,1,30500,0,2023-03-09,202303,2026-08-30,molit_rent,죽동대원칸타빌
cantabile,칸타빌,전세,74.883,22,31000,0,2023-03-12,202303,2026-08-30,molit_rent,죽동대원칸타빌
cantabile,칸타빌,전세,84.976,18,34000,0,2023-03-13,202303,2026-08-30,molit_rent,죽동대원칸타빌
cantabile,칸타빌,월세,74.883,8,3000,100,2023-03-14,202303,2026-08-30,molit_rent,죽동대원칸타빌
cantabile,칸타빌,매매,74.704,3,47000,0,2023-03-15,202303,2026-08-30,molit_trade,죽동대원칸타빌
cantabile,칸타빌,전세,84.937,8,35000,0,2023-03-16,202303,2026-08-30,molit_rent,죽동대원칸타빌
cantabile,칸타빌,매매,74.883,25,49500,0,2023-03-17,202303,2026-08-30,molit_trade,죽동대원칸타빌
cantabile,칸타빌,매매,84.937,23,60000,0,2023-03-18,202303,2026-08-30,molit_trade,죽동대원칸타빌
cantabile,칸타빌,전세,74.883,12,28000,0,2023-03-18,202303,2026-08-30,molit_rent,죽동대원칸타빌
cantabile,칸타빌,월세,84.937,16,5000,95,2023-03-19,202303,2026-08-30,molit_rent,죽동대원칸타빌
cantabile,칸타빌,월세,84.937,17,5000,110,2023-03-24,202303,2026-08-30,molit_rent,죽동대원칸타빌
cantabile,칸타빌,매매,84.989,3,54000,0,2023-03-25,202303,2026-08-30,molit_trade,죽동대원칸타빌
cantabile,칸타빌,매매,84.976,8,58500,0,2023-03-25,202303,2026-08-30,molit_trade,죽동대원칸타빌
cantabile,칸타빌,매매,74.704,16,49600,0,2023-03-27,202303,2026-08-30,molit_trade,죽동대원칸타빌
cantabile,칸타빌,전세,74.883,24,32000,0,2023-03-27,202303,2026-08-30,molit_rent,죽동대원칸타빌
cantabile,칸타빌,매매,74.704,27,52000,0,2023-03-29,202303,2026-08-30,molit_trade,죽동대원칸타빌
cantabile,칸타빌,매매,84.976,3,55500,0,2023-04-01,202304,2026-08-30,molit_trade,죽동대원칸타빌
cantabile,칸타빌,매매,74.883,18,49500,0,2023-04-02,202304,2026-08-30,molit_trade,죽동대원칸타빌
cantabile,칸타빌,매매,84.976,3,56500,0,2023-04-05,202304,2026-08-30,molit_trade,죽동대원칸타빌
cantabile,칸타빌,매매,74.704,25,53000,0,2023-04-08,202304,2026-08-30,molit_trade,죽동대원칸타빌
cantabile,칸타빌,전세,74.883,24,30000,0,2023-04-08,202304,2026-08-30,molit_rent,죽동대원칸타빌
cantabile,칸타빌,매매,84.937,18,62000,0,2023-04-10,202304,2026-08-30,molit_trade,죽동대원칸타빌
cantabile,칸타빌,전세,84.937,24,33000,0,2023-04-11,202304,2026-08-30,molit_rent,죽동대원칸타빌
cantabile,칸타빌,매매,74.883,19,51000,0,2023-04-12,202304,2026-08-30,molit_trade,죽동대원칸타빌
cantabile,칸타빌,전세,84.989,22,33000,0,2023-04-12,202304,2026-08-30,molit_rent,죽동대원칸타빌
cantabile,칸타빌,전세,84.937,10,36000,0,2023-04-13,202304,2026-08-30,molit_rent,죽동대원칸타빌
cantabile,칸타빌,매매,84.937,6,57000,0,2023-04-14,202304,2026-08-30,molit_trade,죽동대원칸타빌
cantabile,칸타빌,전세,84.937,26,35000,0,2023-04-15,202304,2026-08-30,molit_rent,죽동대원칸타빌
cantabile,칸타빌,매매,84.937,1,67500,0,2023-04-20,202304,2026-08-30,molit_trade,죽동대원칸타빌
cantabile,칸타빌,월세,74.883,19,20000,30,2023-04-20,202304,2026-08-30,molit_rent,죽동대원칸타빌
cantabile,칸타빌,전세,84.989,22,35000,0,2023-04-21,202304,2026-08-30,molit_rent,죽동대원칸타빌
cantabile,칸타빌,매매,84.937,18,60000,0,2023-04-22,202304,2026-08-30,molit_trade,죽동대원칸타빌
cantabile,칸타빌,매매,84.989,8,59900,0,2023-04-22,202304,2026-08-30,molit_trade,죽동대원칸타빌
cantabile,칸타빌,전세,84.937,31,36000,0,2023-04-22,202304,2026-08-30,molit_rent,죽동대원칸타빌
cantabile,칸타빌,전세,84.937,19,35000,0,2023-04-22,202304,2026-08-30,molit_rent,죽동대원칸타빌
cantabile,칸타빌,월세,74.883,19,3000,120,2023-04-22,202304,2026-08-30,molit_rent,죽동대원칸타빌
cantabile,칸타빌,매매,84.937,16,60400,0,2023-04-24,202304,2026-08-30,molit_trade,죽동대원칸타빌
cantabile,칸타빌,전세,84.976,12,36000,0,2023-04-24,202304,2026-08-30,molit_rent,죽동대원칸타빌
cantabile,칸타빌,전세,84.937,15,40000,0,2023-04-25,202304,2026-08-30,molit_rent,죽동대원칸타빌
cantabile,칸타빌,매매,74.883,13,51500,0,2023-04-28,202304,2026-08-30,molit_trade,죽동대원칸타빌
cantabile,칸타빌,전세,84.937,14,35000,0,2023-04-28,202304,2026-08-30,molit_rent,죽동대원칸타빌
cantabile,칸타빌,매매,74.883,10,48500,0,2023-05-01,202305,2026-08-30,molit_trade,죽동대원칸타빌
cantabile,칸타빌,매매,74.883,29,51000,0,2023-05-01,202305,2026-08-30,molit_trade,죽동대원칸타빌
cantabile,칸타빌,매매,74.883,17,52000,0,2023-05-03,202305,2026-08-30,molit_trade,죽동대원칸타빌
cantabile,칸타빌,매매,74.883,13,51000,0,2023-05-04,202305,2026-08-30,molit_trade,죽동대원칸타빌
cantabile,칸타빌,월세,84.989,12,10000,110,2023-05-05,202305,2026-08-30,molit_rent,죽동대원칸타빌
cantabile,칸타빌,월세,74.883,20,10000,85,2023-05-05,202305,2026-08-30,molit_rent,죽동대원칸타빌
cantabile,칸타빌,매매,84.976,23,64000,0,2023-05-07,202305,2026-08-30,molit_trade,죽동대원칸타빌
cantabile,칸타빌,매매,74.883,15,49000,0,2023-05-09,202305,2026-08-30,molit_trade,죽동대원칸타빌
cantabile,칸타빌,전세,84.937,22,36000,0,2023-05-09,202305,2026-08-30,molit_rent,죽동대원칸타빌
cantabile,칸타빌,매매,84.989,9,61000,0,2023-05-10,202305,2026-08-30,molit_trade,죽동대원칸타빌
cantabile,칸타빌,전세,84.937,10,37000,0,2023-05-14,202305,2026-08-30,molit_rent,죽동대원칸타빌
cantabile,칸타빌,매매,74.883,16,51800,0,2023-05-17,202305,2026-08-30,molit_trade,죽동대원칸타빌
cantabile,칸타빌,전세,74.883,23,36000,0,2023-05-18,202305,2026-08-30,molit_rent,죽동대원칸타빌
cantabile,칸타빌,전세,84.976,18,34000,0,2023-05-20,202305,2026-08-30,molit_rent,죽동대원칸타빌
cantabile,칸타빌,매매,74.883,6,47000,0,2023-05-22,202305,2026-08-30,molit_trade,죽동대원칸타빌
cantabile,칸타빌,전세,84.937,17,39000,0,2023-05-22,202305,2026-08-30,molit_rent,죽동대원칸타빌
cantabile,칸타빌,전세,84.937,19,40000,0,2023-05-24,202305,2026-08-30,molit_rent,죽동대원칸타빌
cantabile,칸타빌,월세,84.989,6,20000,80,2023-05-27,202305,2026-08-30,molit_rent,죽동대원칸타빌
cantabile,칸타빌,전세,84.937,20,35000,0,2023-06-03,202306,2026-08-30,molit_rent,죽동대원칸타빌
cantabile,칸타빌,매매,84.989,14,60700,0,2023-06-06,202306,2026-08-30,molit_trade,죽동대원칸타빌
cantabile,칸타빌,매매,84.989,17,61000,0,2023-06-06,202306,2026-08-30,molit_trade,죽동대원칸타빌
cantabile,칸타빌,매매,74.883,13,51000,0,2023-06-07,202306,2026-08-30,molit_trade,죽동대원칸타빌
cantabile,칸타빌,월세,74.704,8,3000,120,2023-06-07,202306,2026-08-30,molit_rent,죽동대원칸타빌
cantabile,칸타빌,전세,74.883,14,35000,0,2023-06-08,202306,2026-08-30,molit_rent,죽동대원칸타빌
cantabile,칸타빌,전세,84.937,10,38000,0,2023-06-08,202306,2026-08-30,molit_rent,죽동대원칸타빌
cantabile,칸타빌,전세,84.976,29,40000,0,2023-06-09,202306,2026-08-30,molit_rent,죽동대원칸타빌
cantabile,칸타빌,월세,84.937,17,5000,120,2023-06-10,202306,2026-08-30,molit_rent,죽동대원칸타빌
cantabile,칸타빌,월세,74.704,29,5000,110,2023-06-12,202306,2026-08-30,molit_rent,죽동대원칸타빌
cantabile,칸타빌,전세,74.883,26,35000,0,2023-06-12,202306,2026-08-30,molit_rent,죽동대원칸타빌
cantabile,칸타빌,전세,84.937,3,32000,0,2023-06-13,202306,2026-08-30,molit_rent,죽동대원칸타빌
cantabile,칸타빌,매매,84.937,17,62000,0,2023-06-14,202306,2026-08-30,molit_trade,죽동대원칸타빌
cantabile,칸타빌,전세,74.883,8,33000,0,2023-06-15,202306,2026-08-30,molit_rent,죽동대원칸타빌
cantabile,칸타빌,전세,84.937,11,45000,0,2023-06-18,202306,2026-08-30,molit_rent,죽동대원칸타빌
cantabile,칸타빌,매매,84.937,11,62000,0,2023-06-19,202306,2026-08-30,molit_trade,죽동대원칸타빌
cantabile,칸타빌,월세,74.883,4,5000,100,2023-06-19,202306,2026-08-30,molit_rent,죽동대원칸타빌
cantabile,칸타빌,월세,74.883,9,3000,120,2023-06-23,202306,2026-08-30,molit_rent,죽동대원칸타빌
cantabile,칸타빌,매매,84.937,17,62500,0,2023-06-26,202306,2026-08-30,molit_trade,죽동대원칸타빌
cantabile,칸타빌,전세,74.883,8,27000,0,2023-06-26,202306,2026-08-30,molit_rent,죽동대원칸타빌
cantabile,칸타빌,전세,84.937,16,38000,0,2023-06-26,202306,2026-08-30,molit_rent,죽동대원칸타빌
cantabile,칸타빌,매매,84.937,13,61000,0,2023-06-27,202306,2026-08-30,molit_trade,죽동대원칸타빌
cantabile,칸타빌,전세,84.989,5,43200,0,2023-06-28,202306,2026-08-30,molit_rent,죽동대원칸타빌
cantabile,칸타빌,월세,74.704,29,3000,120,2023-07-05,202307,2026-08-30,molit_rent,죽동대원칸타빌
cantabile,칸타빌,매매,84.937,10,61300,0,2023-07-08,202307,2026-08-30,molit_trade,죽동대원칸타빌
cantabile,칸타빌,월세,84.937,4,14000,100,2023-07-08,202307,2026-08-30,molit_rent,죽동대원칸타빌
cantabile,칸타빌,매매,84.976,2,59700,0,2023-07-09,202307,2026-08-30,molit_trade,죽동대원칸타빌
cantabile,칸타빌,매매,84.989,17,63000,0,2023-07-12,202307,2026-08-30,molit_trade,죽동대원칸타빌
cantabile,칸타빌,매매,84.937,2,63200,0,2023-07-12,202307,2026-08-30,molit_trade,죽동대원칸타빌
cantabile,칸타빌,월세,74.883,23,5000,130,2023-07-14,202307,2026-08-30,molit_rent,죽동대원칸타빌
cantabile,칸타빌,전세,84.937,22,45000,0,2023-07-15,202307,2026-08-30,molit_rent,죽동대원칸타빌
cantabile,칸타빌,월세,74.704,20,5000,110,2023-07-17,202307,2026-08-30,molit_rent,죽동대원칸타빌
cantabile,칸타빌,월세,74.883,5,3000,120,2023-07-21,202307,2026-08-30,molit_rent,죽동대원칸타빌
cantabile,칸타빌,월세,74.883,16,3000,120,2023-07-27,202307,2026-08-30,molit_rent,죽동대원칸타빌
cantabile,칸타빌,월세,84.989,3,3000,95,2023-07-27,202307,2026-08-30,molit_rent,죽동대원칸타빌
cantabile,칸타빌,매매,74.704,9,55700,0,2023-07-29,202307,2026-08-30,molit_trade,죽동대원칸타빌
cantabile,칸타빌,매매,74.883,22,56100,0,2023-07-30,202307,2026-08-30,molit_trade,죽동대원칸타빌
cantabile,칸타빌,전세,74.883,27,37000,0,2023-08-01,202308,2026-08-30,molit_rent,죽동대원칸타빌
cantabile,칸타빌,전세,84.989,13,33000,0,2023-08-04,202308,2026-08-30,molit_rent,죽동대원칸타빌
cantabile,칸타빌,매매,74.704,23,56000,0,2023-08-06,202308,2026-08-30,molit_trade,죽동대원칸타빌
cantabile,칸타빌,전세,84.937,11,42000,0,2023-08-07,202308,2026-08-30,molit_rent,죽동대원칸타빌
cantabile,칸타빌,매매,84.989,16,62800,0,2023-08-10,202308,2026-08-30,molit_trade,죽동대원칸타빌
cantabile,칸타빌,매매,84.989,5,62000,0,2023-08-19,202308,2026-08-30,molit_trade,죽동대원칸타빌
cantabile,칸타빌,월세,74.883,29,10000,100,2023-08-19,202308,2026-08-30,molit_rent,죽동대원칸타빌
cantabile,칸타빌,전세,84.937,13,36000,0,2023-08-19,202308,2026-08-30,molit_rent,죽동대원칸타빌
cantabile,칸타빌,매매,84.937,11,62700,0,2023-08-23,202308,2026-08-30,molit_trade,죽동대원칸타빌
cantabile,칸타빌,매매,84.937,14,66600,0,2023-08-27,202308,2026-08-30,molit_trade,죽동대원칸타빌
cantabile,칸타빌,전세,74.883,16,37000,0,2023-08-27,202308,2026-08-30,molit_rent,죽동대원칸타빌
cantabile,칸타빌,월세,74.704,4,10000,90,2023-08-27,202308,2026-08-30,molit_rent,죽동대원칸타빌
cantabile,칸타빌,매매,84.937,25,67000,0,2023-08-31,202308,2026-08-30,molit_trade,죽동대원칸타빌
cantabile,칸타빌,전세,84.937,3,40000,0,2023-09-01,202309,2026-08-30,molit_rent,죽동대원칸타빌
cantabile,칸타빌,매매,74.883,4,55000,0,2023-09-02,202309,2026-08-30,molit_trade,죽동대원칸타빌
cantabile,칸타빌,매매,84.989,21,63000,0,2023-09-03,202309,2026-08-30,molit_trade,죽동대원칸타빌
cantabile,칸타빌,매매,84.989,21,63000,0,2023-09-04,202309,2026-08-30,molit_trade,죽동대원칸타빌
cantabile,칸타빌,매매,74.883,9,60000,0,2023-09-06,202309,2026-08-30,molit_trade,죽동대원칸타빌
cantabile,칸타빌,전세,74.704,22,35000,0,2023-09-07,202309,2026-08-30,molit_rent,죽동대원칸타빌
cantabile,칸타빌,전세,84.989,17,40000,0,2023-09-09,202309,2026-08-30,molit_rent,죽동대원칸타빌
cantabile,칸타빌,전세,74.883,14,36000,0,2023-09-22,202309,2026-08-30,molit_rent,죽동대원칸타빌
cantabile,칸타빌,전세,74.704,3,35000,0,2023-09-23,202309,2026-08-30,molit_rent,죽동대원칸타빌
cantabile,칸타빌,전세,84.989,25,42000,0,2023-09-26,202309,2026-08-30,molit_rent,죽동대원칸타빌
cantabile,칸타빌,전세,74.704,28,36000,0,2023-09-27,202309,2026-08-30,molit_rent,죽동대원칸타빌
cantabile,칸타빌,매매,84.937,11,67500,0,2023-10-06,202310,2026-08-30,molit_trade,죽동대원칸타빌
cantabile,칸타빌,매매,84.976,18,68500,0,2023-10-07,202310,2026-08-30,molit_trade,죽동대원칸타빌
cantabile,칸타빌,매매,84.937,25,69500,0,2023-10-07,202310,2026-08-30,molit_trade,죽동대원칸타빌
cantabile,칸타빌,전세,74.883,18,37100,0,2023-10-21,202310,2026-08-30,molit_rent,죽동대원칸타빌
cantabile,칸타빌,전세,84.937,21,45000,0,2023-10-21,202310,2026-08-30,molit_rent,죽동대원칸타빌
cantabile,칸타빌,전세,74.883,29,35000,0,2023-10-22,202310,2026-08-30,molit_rent,죽동대원칸타빌
cantabile,칸타빌,전세,84.937,3,41000,0,2023-10-25,202310,2026-08-30,molit_rent,죽동대원칸타빌
cantabile,칸타빌,월세,84.976,11,5000,140,2023-10-26,202310,2026-08-30,molit_rent,죽동대원칸타빌
cantabile,칸타빌,전세,84.937,12,43000,0,2023-10-28,202310,2026-08-30,molit_rent,죽동대원칸타빌
cantabile,칸타빌,월세,74.704,22,5000,115,2023-10-29,202310,2026-08-30,molit_rent,죽동대원칸타빌
cantabile,칸타빌,전세,74.704,14,37000,0,2023-10-29,202310,2026-08-30,molit_rent,죽동대원칸타빌
cantabile,칸타빌,월세,84.937,15,5000,140,2023-10-29,202310,2026-08-30,molit_rent,죽동대원칸타빌
cantabile,칸타빌,월세,84.976,1,5000,130,2023-11-01,202311,2026-08-30,molit_rent,죽동대원칸타빌
cantabile,칸타빌,전세,84.937,3,40000,0,2023-11-03,202311,2026-08-30,molit_rent,죽동대원칸타빌
cantabile,칸타빌,전세,84.937,6,44000,0,2023-11-08,202311,2026-08-30,molit_rent,죽동대원칸타빌
cantabile,칸타빌,전세,74.883,6,40000,0,2023-11-16,202311,2026-08-30,molit_rent,죽동대원칸타빌
cantabile,칸타빌,매매,74.704,13,54000,0,2023-11-17,202311,2026-08-30,molit_trade,죽동대원칸타빌
cantabile,칸타빌,전세,84.937,27,43000,0,2023-11-17,202311,2026-08-30,molit_rent,죽동대원칸타빌
cantabile,칸타빌,전세,74.704,12,38000,0,2023-11-18,202311,2026-08-30,molit_rent,죽동대원칸타빌
cantabile,칸타빌,월세,84.976,20,8000,150,2023-11-19,202311,2026-08-30,molit_rent,죽동대원칸타빌
cantabile,칸타빌,전세,84.976,24,44000,0,2023-11-20,202311,2026-08-30,molit_rent,죽동대원칸타빌
cantabile,칸타빌,매매,74.883,20,58200,0,2023-11-21,202311,2026-08-30,molit_trade,죽동대원칸타빌
cantabile,칸타빌,전세,74.883,3,35000,0,2023-11-28,202311,2026-08-30,molit_rent,죽동대원칸타빌
cantabile,칸타빌,매매,74.883,13,57900,0,2023-11-30,202311,2026-08-30,molit_trade,죽동대원칸타빌
cantabile,칸타빌,전세,74.883,27,40000,0,2023-12-08,202312,2026-08-30,molit_rent,죽동대원칸타빌
cantabile,칸타빌,전세,84.937,13,43000,0,2023-12-11,202312,2026-08-30,molit_rent,죽동대원칸타빌
cantabile,칸타빌,전세,84.937,8,43000,0,2023-12-13,202312,2026-08-30,molit_rent,죽동대원칸타빌
cantabile,칸타빌,전세,74.883,4,36000,0,2023-12-14,202312,2026-08-30,molit_rent,죽동대원칸타빌
cantabile,칸타빌,매매,84.937,8,68000,0,2023-12-15,202312,2026-08-30,molit_trade,죽동대원칸타빌
cantabile,칸타빌,매매,84.976,6,64000,0,2023-12-18,202312,2026-08-30,molit_trade,죽동대원칸타빌
cantabile,칸타빌,전세,74.704,22,38000,0,2023-12-18,202312,2026-08-30,molit_rent,죽동대원칸타빌
cantabile,칸타빌,전세,84.989,13,40000,0,2023-12-23,202312,2026-08-30,molit_rent,죽동대원칸타빌
cantabile,칸타빌,전세,84.937,2,43000,0,2023-12-23,202312,2026-08-30,molit_rent,죽동대원칸타빌
cantabile,칸타빌,매매,84.989,3,59500,0,2023-12-26,202312,2026-08-30,molit_trade,죽동대원칸타빌
cantabile,칸타빌,매매,74.883,24,57500,0,2024-01-02,202401,2026-08-30,molit_trade,죽동대원칸타빌
cantabile,칸타빌,전세,84.989,3,30000,0,2024-01-03,202401,2026-08-30,molit_rent,죽동대원칸타빌
cantabile,칸타빌,월세,84.937,10,5000,150,2024-01-04,202401,2026-08-30,molit_rent,죽동대원칸타빌
cantabile,칸타빌,전세,84.937,15,45000,0,2024-01-05,202401,2026-08-30,molit_rent,죽동대원칸타빌
cantabile,칸타빌,매매,84.989,14,62000,0,2024-01-06,202401,2026-08-30,molit_trade,죽동대원칸타빌
cantabile,칸타빌,전세,84.989,14,40000,0,2024-01-06,202401,2026-08-30,molit_rent,죽동대원칸타빌
cantabile,칸타빌,전세,74.704,25,37000,0,2024-01-07,202401,2026-08-30,molit_rent,죽동대원칸타빌
cantabile,칸타빌,전세,84.937,6,42500,0,2024-01-14,202401,2026-08-30,molit_rent,죽동대원칸타빌
cantabile,칸타빌,매매,84.976,9,65000,0,2024-01-16,202401,2026-08-30,molit_trade,죽동대원칸타빌
cantabile,칸타빌,전세,84.937,5,43000,0,2024-01-20,202401,2026-08-30,molit_rent,죽동대원칸타빌
cantabile,칸타빌,매매,84.937,18,67000,0,2024-01-21,202401,2026-08-30,molit_trade,죽동대원칸타빌
cantabile,칸타빌,전세,74.883,30,40000,0,2024-01-21,202401,2026-08-30,molit_rent,죽동대원칸타빌
cantabile,칸타빌,전세,74.883,5,37000,0,2024-01-25,202401,2026-08-30,molit_rent,죽동대원칸타빌
cantabile,칸타빌,매매,74.883,12,57000,0,2024-02-03,202402,2026-08-30,molit_trade,죽동대원칸타빌
cantabile,칸타빌,전세,74.704,7,38500,0,2024-02-03,202402,2026-08-30,molit_rent,죽동대원칸타빌
cantabile,칸타빌,전세,84.937,19,41000,0,2024-02-09,202402,2026-08-30,molit_rent,죽동대원칸타빌
cantabile,칸타빌,매매,84.937,18,67000,0,2024-02-17,202402,2026-08-30,molit_trade,죽동대원칸타빌
cantabile,칸타빌,전세,74.883,3,39000,0,2024-02-21,202402,2026-08-30,molit_rent,죽동대원칸타빌
cantabile,칸타빌,전세,84.937,21,42000,0,2024-02-28,202402,2026-08-30,molit_rent,죽동대원칸타빌
cantabile,칸타빌,매매,84.937,4,63000,0,2024-03-02,202403,2026-08-30,molit_trade,죽동대원칸타빌
cantabile,칸타빌,월세,84.989,3,3000,95,2024-03-03,202403,2026-08-30,molit_rent,죽동대원칸타빌
cantabile,칸타빌,월세,84.937,20,20000,90,2024-03-03,202403,2026-08-30,molit_rent,죽동대원칸타빌
cantabile,칸타빌,매매,74.883,2,52000,0,2024-03-05,202403,2026-08-30,molit_trade,죽동대원칸타빌
cantabile,칸타빌,매매,84.989,13,66000,0,2024-03-06,202403,2026-08-30,molit_trade,죽동대원칸타빌
cantabile,칸타빌,전세,74.883,24,32000,0,2024-03-06,202403,2026-08-30,molit_rent,죽동대원칸타빌
cantabile,칸타빌,월세,74.883,5,3000,120,2024-03-09,202403,2026-08-30,molit_rent,죽동대원칸타빌
cantabile,칸타빌,전세,74.883,11,40000,0,2024-03-09,202403,2026-08-30,molit_rent,죽동대원칸타빌
cantabile,칸타빌,월세,84.937,8,10000,130,2024-03-10,202403,2026-08-30,molit_rent,죽동대원칸타빌
cantabile,칸타빌,전세,84.937,27,54000,0,2024-03-11,202403,2026-08-30,molit_rent,죽동대원칸타빌
cantabile,칸타빌,매매,84.976,9,64800,0,2024-03-15,202403,2026-08-30,molit_trade,죽동대원칸타빌
cantabile,칸타빌,매매,84.937,6,61000,0,2024-03-18,202403,2026-08-30,molit_trade,죽동대원칸타빌
cantabile,칸타빌,매매,74.883,5,52000,0,2024-03-18,202403,2026-08-30,molit_trade,죽동대원칸타빌
cantabile,칸타빌,전세,74.883,21,38000,0,2024-03-18,202403,2026-08-30,molit_rent,죽동대원칸타빌
cantabile,칸타빌,매매,74.704,29,56000,0,2024-03-19,202403,2026-08-30,molit_trade,죽동대원칸타빌
cantabile,칸타빌,월세,74.883,4,5000,120,2024-03-20,202403,2026-08-30,molit_rent,죽동대원칸타빌
cantabile,칸타빌,전세,84.989,18,40000,0,2024-03-22,202403,2026-08-30,molit_rent,죽동대원칸타빌
cantabile,칸타빌,전세,74.704,15,37500,0,2024-03-25,202403,2026-08-30,molit_rent,죽동대원칸타빌
cantabile,칸타빌,매매,84.976,16,65300,0,2024-03-29,202403,2026-08-30,molit_trade,죽동대원칸타빌
cantabile,칸타빌,매매,84.989,8,64001,0,2024-03-30,202403,2026-08-30,molit_trade,죽동대원칸타빌
cantabile,칸타빌,월세,74.883,16,5000,130,2024-04-03,202404,2026-08-30,molit_rent,죽동대원칸타빌
cantabile,칸타빌,전세,84.976,15,39500,0,2024-04-04,202404,2026-08-30,molit_rent,죽동대원칸타빌
cantabile,칸타빌,월세,84.937,3,3000,185,2024-04-09,202404,2026-08-30,molit_rent,죽동대원칸타빌
cantabile,칸타빌,매매,74.704,7,53000,0,2024-04-14,202404,2026-08-30,molit_trade,죽동대원칸타빌
cantabile,칸타빌,매매,84.989,12,64500,0,2024-04-14,202404,2026-08-30,molit_trade,죽동대원칸타빌
cantabile,칸타빌,전세,74.883,2,37800,0,2024-04-16,202404,2026-08-30,molit_rent,죽동대원칸타빌
cantabile,칸타빌,매매,84.989,1,67900,0,2024-04-20,202404,2026-08-30,molit_trade,죽동대원칸타빌
cantabile,칸타빌,매매,84.937,5,59900,0,2024-04-22,202404,2026-08-30,molit_trade,죽동대원칸타빌
cantabile,칸타빌,월세,84.976,7,5000,145,2024-04-22,202404,2026-08-30,molit_rent,죽동대원칸타빌
cantabile,칸타빌,전세,84.989,10,40000,0,2024-04-23,202404,2026-08-30,molit_rent,죽동대원칸타빌
cantabile,칸타빌,전세,84.937,18,41000,0,2024-04-28,202404,2026-08-30,molit_rent,죽동대원칸타빌
cantabile,칸타빌,매매,74.883,23,57000,0,2024-04-29,202404,2026-08-30,molit_trade,죽동대원칸타빌
cantabile,칸타빌,매매,84.937,13,63000,0,2024-04-29,202404,2026-08-30,molit_trade,죽동대원칸타빌
cantabile,칸타빌,매매,84.937,16,63000,0,2024-05-02,202405,2026-08-30,molit_trade,죽동대원칸타빌
cantabile,칸타빌,전세,74.704,3,35000,0,2024-05-03,202405,2026-08-30,molit_rent,죽동대원칸타빌
cantabile,칸타빌,전세,84.937,10,40000,0,2024-05-05,202405,2026-08-30,molit_rent,죽동대원칸타빌
cantabile,칸타빌,매매,84.937,19,63500,0,2024-05-07,202405,2026-08-30,molit_trade,죽동대원칸타빌
cantabile,칸타빌,매매,74.883,6,55000,0,2024-05-07,202405,2026-08-30,molit_trade,죽동대원칸타빌
cantabile,칸타빌,전세,84.937,12,40000,0,2024-05-14,202405,2026-08-30,molit_rent,죽동대원칸타빌
cantabile,칸타빌,전세,74.883,24,33000,0,2024-05-25,202405,2026-08-30,molit_rent,죽동대원칸타빌
cantabile,칸타빌,매매,84.976,20,64000,0,2024-05-26,202405,2026-08-30,molit_trade,죽동대원칸타빌
cantabile,칸타빌,전세,84.937,16,40000,0,2024-06-03,202406,2026-08-30,molit_rent,죽동대원칸타빌
cantabile,칸타빌,매매,84.937,2,59900,0,2024-06-06,202406,2026-08-30,molit_trade,죽동대원칸타빌
cantabile,칸타빌,전세,74.883,7,37000,0,2024-06-06,202406,2026-08-30,molit_rent,죽동대원칸타빌
cantabile,칸타빌,매매,84.937,14,65000,0,2024-06-09,202406,2026-08-30,molit_trade,죽동대원칸타빌
cantabile,칸타빌,매매,84.937,11,61500,0,2024-06-10,202406,2026-08-30,molit_trade,죽동대원칸타빌
cantabile,칸타빌,전세,84.937,15,43000,0,2024-06-10,202406,2026-08-30,molit_rent,죽동대원칸타빌
cantabile,칸타빌,매매,84.937,18,63000,0,2024-06-11,202406,2026-08-30,molit_trade,죽동대원칸타빌
cantabile,칸타빌,전세,84.976,1,48000,0,2024-06-12,202406,2026-08-30,molit_rent,죽동대원칸타빌
cantabile,칸타빌,전세,84.937,16,45000,0,2024-06-23,202406,2026-08-30,molit_rent,죽동대원칸타빌
cantabile,칸타빌,매매,74.883,23,57000,0,2024-06-24,202406,2026-08-30,molit_trade,죽동대원칸타빌
cantabile,칸타빌,전세,74.704,14,38000,0,2024-06-27,202406,2026-08-30,molit_rent,죽동대원칸타빌
cantabile,칸타빌,매매,84.976,20,64000,0,2024-06-28,202406,2026-08-30,molit_trade,죽동대원칸타빌
cantabile,칸타빌,매매,84.937,12,66000,0,2024-07-01,202407,2026-08-30,molit_trade,죽동대원칸타빌
cantabile,칸타빌,매매,84.937,23,64000,0,2024-07-03,202407,2026-08-30,molit_trade,죽동대원칸타빌
cantabile,칸타빌,전세,84.937,4,42000,0,2024-07-06,202407,2026-08-30,molit_rent,죽동대원칸타빌
cantabile,칸타빌,매매,74.883,19,57000,0,2024-07-13,202407,2026-08-30,molit_trade,죽동대원칸타빌
cantabile,칸타빌,매매,84.976,2,60000,0,2024-07-13,202407,2026-08-30,molit_trade,죽동대원칸타빌
cantabile,칸타빌,월세,84.937,14,10000,130,2024-07-13,202407,2026-08-30,molit_rent,죽동대원칸타빌
cantabile,칸타빌,전세,84.989,20,42000,0,2024-07-18,202407,2026-08-30,molit_rent,죽동대원칸타빌
cantabile,칸타빌,매매,84.937,30,68000,0,2024-07-21,202407,2026-08-30,molit_trade,죽동대원칸타빌
cantabile,칸타빌,매매,84.989,7,65000,0,2024-07-26,202407,2026-08-30,molit_trade,죽동대원칸타빌
cantabile,칸타빌,매매,74.704,11,57000,0,2024-08-03,202408,2026-08-30,molit_trade,죽동대원칸타빌
cantabile,칸타빌,매매,84.989,18,60000,0,2024-08-03,202408,2026-08-30,molit_trade,죽동대원칸타빌
cantabile,칸타빌,전세,74.704,13,39000,0,2024-08-10,202408,2026-08-30,molit_rent,죽동대원칸타빌
cantabile,칸타빌,매매,74.704,20,57500,0,2024-08-15,202408,2026-08-30,molit_trade,죽동대원칸타빌
cantabile,칸타빌,매매,84.937,23,65000,0,2024-08-18,202408,2026-08-30,molit_trade,죽동대원칸타빌
cantabile,칸타빌,매매,74.883,21,57800,0,2024-08-20,202408,2026-08-30,molit_trade,죽동대원칸타빌
cantabile,칸타빌,매매,74.704,25,57500,0,2024-08-23,202408,2026-08-30,molit_trade,죽동대원칸타빌
cantabile,칸타빌,전세,84.937,23,42000,0,2024-08-24,202408,2026-08-30,molit_rent,죽동대원칸타빌
cantabile,칸타빌,매매,84.937,12,66000,0,2024-08-25,202408,2026-08-30,molit_trade,죽동대원칸타빌
cantabile,칸타빌,매매,74.883,17,56000,0,2024-08-26,202408,2026-08-30,molit_trade,죽동대원칸타빌
cantabile,칸타빌,매매,74.883,18,57000,0,2024-08-28,202408,2026-08-30,molit_trade,죽동대원칸타빌
cantabile,칸타빌,매매,84.989,7,61500,0,2024-08-28,202408,2026-08-30,molit_trade,죽동대원칸타빌
cantabile,칸타빌,매매,84.989,21,67500,0,2024-08-29,202408,2026-08-30,molit_trade,죽동대원칸타빌
cantabile,칸타빌,전세,74.704,11,40000,0,2024-08-30,202408,2026-08-30,molit_rent,죽동대원칸타빌
cantabile,칸타빌,매매,84.937,8,66300,0,2024-09-02,202409,2026-08-30,molit_trade,죽동대원칸타빌
cantabile,칸타빌,월세,84.937,13,3000,140,2024-09-05,202409,2026-08-30,molit_rent,죽동대원칸타빌
cantabile,칸타빌,매매,84.937,4,64300,0,2024-09-06,202409,2026-08-30,molit_trade,죽동대원칸타빌
cantabile,칸타빌,매매,84.937,26,68500,0,2024-09-10,202409,2026-08-30,molit_trade,죽동대원칸타빌
cantabile,칸타빌,월세,84.937,22,10000,107,2024-09-10,202409,2026-08-30,molit_rent,죽동대원칸타빌
cantabile,칸타빌,매매,84.937,9,68000,0,2024-09-14,202409,2026-08-30,molit_trade,죽동대원칸타빌
cantabile,칸타빌,매매,74.704,12,57000,0,2024-09-14,202409,2026-08-30,molit_trade,죽동대원칸타빌
cantabile,칸타빌,매매,74.704,6,58000,0,2024-09-24,202409,2026-08-30,molit_trade,죽동대원칸타빌
cantabile,칸타빌,전세,84.937,23,40000,0,2024-09-26,202409,2026-08-30,molit_rent,죽동대원칸타빌
cantabile,칸타빌,매매,84.937,3,62000,0,2024-09-27,202409,2026-08-30,molit_trade,죽동대원칸타빌
cantabile,칸타빌,전세,74.704,5,38000,0,2024-09-27,202409,2026-08-30,molit_rent,죽동대원칸타빌
cantabile,칸타빌,매매,74.883,24,57500,0,2024-10-04,202410,2026-08-30,molit_trade,죽동대원칸타빌
cantabile,칸타빌,매매,84.976,14,68500,0,2024-10-05,202410,2026-08-30,molit_trade,죽동대원칸타빌
cantabile,칸타빌,전세,74.704,30,38500,0,2024-10-06,202410,2026-08-30,molit_rent,죽동대원칸타빌
cantabile,칸타빌,전세,84.937,16,45000,0,2024-10-12,202410,2026-08-30,molit_rent,죽동대원칸타빌
cantabile,칸타빌,매매,84.976,13,68900,0,2024-10-13,202410,2026-08-30,molit_trade,죽동대원칸타빌
cantabile,칸타빌,전세,84.976,3,45000,0,2024-10-16,202410,2026-08-30,molit_rent,죽동대원칸타빌
cantabile,칸타빌,매매,84.976,28,71400,0,2024-10-26,202410,2026-08-30,molit_trade,죽동대원칸타빌
cantabile,칸타빌,매매,84.989,13,67500,0,2024-10-26,202410,2026-08-30,molit_trade,죽동대원칸타빌
cantabile,칸타빌,매매,84.937,5,65000,0,2024-10-28,202410,2026-08-30,molit_trade,죽동대원칸타빌
cantabile,칸타빌,전세,74.883,18,39000,0,2024-10-28,202410,2026-08-30,molit_rent,죽동대원칸타빌
cantabile,칸타빌,전세,84.989,5,40000,0,2024-10-30,202410,2026-08-30,molit_rent,죽동대원칸타빌
cantabile,칸타빌,매매,84.937,24,67800,0,2024-11-02,202411,2026-08-30,molit_trade,죽동대원칸타빌
cantabile,칸타빌,월세,84.937,11,10000,130,2024-11-03,202411,2026-08-30,molit_rent,죽동대원칸타빌
cantabile,칸타빌,매매,84.989,26,66100,0,2024-11-07,202411,2026-08-30,molit_trade,죽동대원칸타빌
cantabile,칸타빌,월세,84.937,4,10000,130,2024-11-09,202411,2026-08-30,molit_rent,죽동대원칸타빌
cantabile,칸타빌,전세,74.704,25,39000,0,2024-11-14,202411,2026-08-30,molit_rent,죽동대원칸타빌
cantabile,칸타빌,매매,84.989,19,69700,0,2024-11-15,202411,2026-08-30,molit_trade,죽동대원칸타빌
cantabile,칸타빌,전세,74.883,28,35000,0,2024-11-17,202411,2026-08-30,molit_rent,죽동대원칸타빌
cantabile,칸타빌,월세,74.704,31,5000,130,2024-11-18,202411,2026-08-30,molit_rent,죽동대원칸타빌
cantabile,칸타빌,전세,84.937,6,45000,0,2024-11-20,202411,2026-08-30,molit_rent,죽동대원칸타빌
cantabile,칸타빌,전세,74.704,12,40000,0,2024-11-22,202411,2026-08-30,molit_rent,죽동대원칸타빌
cantabile,칸타빌,월세,74.883,4,5000,130,2024-11-27,202411,2026-08-30,molit_rent,죽동대원칸타빌
cantabile,칸타빌,전세,74.883,23,40500,0,2024-11-27,202411,2026-08-30,molit_rent,죽동대원칸타빌
cantabile,칸타빌,월세,84.989,24,20000,100,2024-11-28,202411,2026-08-30,molit_rent,죽동대원칸타빌
cantabile,칸타빌,월세,84.937,19,10000,130,2024-12-02,202412,2026-08-30,molit_rent,죽동대원칸타빌
cantabile,칸타빌,매매,84.937,21,66000,0,2024-12-05,202412,2026-08-30,molit_trade,죽동대원칸타빌
cantabile,칸타빌,전세,84.989,13,45000,0,2024-12-07,202412,2026-08-30,molit_rent,죽동대원칸타빌
cantabile,칸타빌,월세,74.704,13,5000,120,2024-12-11,202412,2026-08-30,molit_rent,죽동대원칸타빌
cantabile,칸타빌,전세,74.704,11,39000,0,2024-12-13,202412,2026-08-30,molit_rent,죽동대원칸타빌
cantabile,칸타빌,전세,74.883,7,39000,0,2024-12-17,202412,2026-08-30,molit_rent,죽동대원칸타빌
cantabile,칸타빌,전세,84.937,23,45000,0,2024-12-23,202412,2026-08-30,molit_rent,죽동대원칸타빌
cantabile,칸타빌,매매,74.883,23,57000,0,2024-12-30,202412,2026-08-30,molit_trade,죽동대원칸타빌
cantabile,칸타빌,전세,84.937,20,44000,0,2025-01-01,202501,2026-08-30,molit_rent,죽동대원칸타빌
cantabile,칸타빌,매매,74.704,14,56000,0,2025-01-04,202501,2026-08-30,molit_trade,죽동대원칸타빌
cantabile,칸타빌,매매,74.883,18,57000,0,2025-01-06,202501,2026-08-30,molit_trade,죽동대원칸타빌
cantabile,칸타빌,매매,84.976,5,64500,0,2025-01-08,202501,2026-08-30,molit_trade,죽동대원칸타빌
cantabile,칸타빌,매매,84.937,18,66500,0,2025-01-09,202501,2026-08-30,molit_trade,죽동대원칸타빌
cantabile,칸타빌,매매,84.976,5,64500,0,2025-01-09,202501,2026-08-30,molit_trade,죽동대원칸타빌
cantabile,칸타빌,전세,74.704,16,34500,0,2025-01-10,202501,2026-08-30,molit_rent,죽동대원칸타빌
cantabile,칸타빌,매매,84.937,6,66500,0,2025-01-11,202501,2026-08-30,molit_trade,죽동대원칸타빌
cantabile,칸타빌,매매,84.976,25,67000,0,2025-01-12,202501,2026-08-30,molit_trade,죽동대원칸타빌
cantabile,칸타빌,전세,74.704,10,31500,0,2025-01-14,202501,2026-08-30,molit_rent,죽동대원칸타빌
cantabile,칸타빌,매매,74.883,7,52600,0,2025-01-15,202501,2026-08-30,molit_trade,죽동대원칸타빌
cantabile,칸타빌,전세,74.704,16,40000,0,2025-01-15,202501,2026-08-30,molit_rent,죽동대원칸타빌
cantabile,칸타빌,매매,84.989,4,64000,0,2025-01-16,202501,2026-08-30,molit_trade,죽동대원칸타빌
cantabile,칸타빌,전세,84.937,27,43000,0,2025-01-18,202501,2026-08-30,molit_rent,죽동대원칸타빌
cantabile,칸타빌,매매,84.937,10,60900,0,2025-01-24,202501,2026-08-30,molit_trade,죽동대원칸타빌
cantabile,칸타빌,월세,84.937,18,20000,97,2025-01-25,202501,2026-08-30,molit_rent,죽동대원칸타빌
cantabile,칸타빌,월세,84.937,15,5000,150,2025-02-01,202502,2026-08-30,molit_rent,죽동대원칸타빌
cantabile,칸타빌,전세,84.989,6,43000,0,2025-02-06,202502,2026-08-30,molit_rent,죽동대원칸타빌
cantabile,칸타빌,전세,74.704,28,39000,0,2025-02-11,202502,2026-08-30,molit_rent,죽동대원칸타빌
cantabile,칸타빌,전세,74.883,28,39000,0,2025-02-11,202502,2026-08-30,molit_rent,죽동대원칸타빌
cantabile,칸타빌,전세,84.937,5,40000,0,2025-02-12,202502,2026-08-30,molit_rent,죽동대원칸타빌
cantabile,칸타빌,전세,84.937,20,40000,0,2025-02-16,202502,2026-08-30,molit_rent,죽동대원칸타빌
cantabile,칸타빌,매매,74.883,8,53000,0,2025-02-18,202502,2026-08-30,molit_trade,죽동대원칸타빌
cantabile,칸타빌,전세,84.937,10,41000,0,2025-02-20,202502,2026-08-30,molit_rent,죽동대원칸타빌
cantabile,칸타빌,매매,74.883,15,55900,0,2025-02-21,202502,2026-08-30,molit_trade,죽동대원칸타빌
cantabile,칸타빌,전세,84.937,24,44000,0,2025-02-22,202502,2026-08-30,molit_rent,죽동대원칸타빌
cantabile,칸타빌,전세,84.976,25,45000,0,2025-02-28,202502,2026-08-30,molit_rent,죽동대원칸타빌
cantabile,칸타빌,전세,84.989,2,40000,0,2025-03-02,202503,2026-08-30,molit_rent,죽동대원칸타빌
cantabile,칸타빌,매매,84.937,25,65500,0,2025-03-05,202503,2026-08-30,molit_trade,죽동대원칸타빌
cantabile,칸타빌,월세,74.883,16,3000,130,2025-03-06,202503,2026-08-30,molit_rent,죽동대원칸타빌
cantabile,칸타빌,전세,84.937,27,43000,0,2025-03-09,202503,2026-08-30,molit_rent,죽동대원칸타빌
cantabile,칸타빌,전세,74.883,24,31500,0,2025-03-09,202503,2026-08-30,molit_rent,죽동대원칸타빌
cantabile,칸타빌,매매,74.704,22,54000,0,2025-03-10,202503,2026-08-30,molit_trade,죽동대원칸타빌
cantabile,칸타빌,매매,74.704,10,57000,0,2025-03-11,202503,2026-08-30,molit_trade,죽동대원칸타빌
cantabile,칸타빌,전세,74.883,22,40000,0,2025-03-12,202503,2026-08-30,molit_rent,죽동대원칸타빌
cantabile,칸타빌,매매,84.937,26,67000,0,2025-03-14,202503,2026-08-30,molit_trade,죽동대원칸타빌
cantabile,칸타빌,매매,84.937,19,65500,0,2025-03-15,202503,2026-08-30,molit_trade,죽동대원칸타빌
cantabile,칸타빌,월세,84.989,3,3000,100,2025-03-15,202503,2026-08-30,molit_rent,죽동대원칸타빌
cantabile,칸타빌,전세,84.937,15,31500,0,2025-03-18,202503,2026-08-30,molit_rent,죽동대원칸타빌
cantabile,칸타빌,전세,84.989,17,42000,0,2025-03-22,202503,2026-08-30,molit_rent,죽동대원칸타빌
cantabile,칸타빌,전세,84.937,9,43000,0,2025-03-22,202503,2026-08-30,molit_rent,죽동대원칸타빌
cantabile,칸타빌,전세,74.883,12,29400,0,2025-03-22,202503,2026-08-30,molit_rent,죽동대원칸타빌
cantabile,칸타빌,월세,74.883,8,3000,126,2025-03-25,202503,2026-08-30,molit_rent,죽동대원칸타빌
cantabile,칸타빌,전세,84.976,28,45000,0,2025-03-31,202503,2026-08-30,molit_rent,죽동대원칸타빌
cantabile,칸타빌,전세,84.937,10,38850,0,2025-04-02,202504,2026-08-30,molit_rent,죽동대원칸타빌
cantabile,칸타빌,전세,84.937,24,43000,0,2025-04-03,202504,2026-08-30,molit_rent,죽동대원칸타빌
cantabile,칸타빌,매매,74.883,10,55800,0,2025-04-05,202504,2026-08-30,molit_trade,죽동대원칸타빌
cantabile,칸타빌,월세,84.937,15,20000,90,2025-04-05,202504,2026-08-30,molit_rent,죽동대원칸타빌
cantabile,칸타빌,매매,84.937,28,65000,0,2025-04-06,202504,2026-08-30,molit_trade,죽동대원칸타빌
cantabile,칸타빌,전세,84.976,1,47000,0,2025-04-09,202504,2026-08-30,molit_rent,죽동대원칸타빌
cantabile,칸타빌,매매,84.937,21,64000,0,2025-04-10,202504,2026-08-30,molit_trade,죽동대원칸타빌
cantabile,칸타빌,매매,84.937,6,64000,0,2025-04-12,202504,2026-08-30,molit_trade,죽동대원칸타빌
cantabile,칸타빌,매매,84.989,22,64000,0,2025-04-13,202504,2026-08-30,molit_trade,죽동대원칸타빌
cantabile,칸타빌,매매,84.937,3,60000,0,2025-04-16,202504,2026-08-30,molit_trade,죽동대원칸타빌
cantabile,칸타빌,전세,84.989,18,33600,0,2025-04-16,202504,2026-08-30,molit_rent,죽동대원칸타빌
cantabile,칸타빌,전세,84.976,18,43000,0,2025-04-18,202504,2026-08-30,molit_rent,죽동대원칸타빌
cantabile,칸타빌,매매,84.937,10,64500,0,2025-04-19,202504,2026-08-30,molit_trade,죽동대원칸타빌
cantabile,칸타빌,전세,74.883,8,34650,0,2025-04-19,202504,2026-08-30,molit_rent,죽동대원칸타빌
cantabile,칸타빌,전세,84.937,11,41000,0,2025-04-19,202504,2026-08-30,molit_rent,죽동대원칸타빌
cantabile,칸타빌,전세,84.937,23,43000,0,2025-04-20,202504,2026-08-30,molit_rent,죽동대원칸타빌
cantabile,칸타빌,매매,84.937,2,60300,0,2025-04-23,202504,2026-08-30,molit_trade,죽동대원칸타빌
cantabile,칸타빌,매매,74.883,6,56800,0,2025-04-25,202504,2026-08-30,molit_trade,죽동대원칸타빌
cantabile,칸타빌,매매,74.704,20,56000,0,2025-04-25,202504,2026-08-30,molit_trade,죽동대원칸타빌
cantabile,칸타빌,매매,74.883,3,55500,0,2025-04-25,202504,2026-08-30,molit_trade,죽동대원칸타빌
cantabile,칸타빌,전세,74.883,21,36500,0,2025-04-25,202504,2026-08-30,molit_rent,죽동대원칸타빌
cantabile,칸타빌,전세,84.937,31,37800,0,2025-04-26,202504,2026-08-30,molit_rent,죽동대원칸타빌
cantabile,칸타빌,매매,84.937,12,63000,0,2025-04-30,202504,2026-08-30,molit_trade,죽동대원칸타빌
cantabile,칸타빌,월세,84.989,10,5000,120,2025-04-30,202504,2026-08-30,molit_rent,죽동대원칸타빌
cantabile,칸타빌,매매,74.883,17,56000,0,2025-05-01,202505,2026-08-30,molit_trade,죽동대원칸타빌
cantabile,칸타빌,매매,84.937,23,66000,0,2025-05-03,202505,2026-08-30,molit_trade,죽동대원칸타빌
cantabile,칸타빌,전세,84.976,12,40000,0,2025-05-03,202505,2026-08-30,molit_rent,죽동대원칸타빌
cantabile,칸타빌,전세,84.937,15,37275,0,2025-05-03,202505,2026-08-30,molit_rent,죽동대원칸타빌
cantabile,칸타빌,전세,74.704,1,32025,0,2025-05-03,202505,2026-08-30,molit_rent,죽동대원칸타빌
cantabile,칸타빌,월세,74.883,8,3000,130,2025-05-06,202505,2026-08-30,molit_rent,죽동대원칸타빌
cantabile,칸타빌,매매,74.883,26,56800,0,2025-05-10,202505,2026-08-30,molit_trade,죽동대원칸타빌
cantabile,칸타빌,매매,74.883,15,57400,0,2025-05-14,202505,2026-08-30,molit_trade,죽동대원칸타빌
cantabile,칸타빌,전세,84.976,5,44000,0,2025-05-16,202505,2026-08-30,molit_rent,죽동대원칸타빌
cantabile,칸타빌,전세,84.976,5,43000,0,2025-05-16,202505,2026-08-30,molit_rent,죽동대원칸타빌
cantabile,칸타빌,매매,84.976,3,61800,0,2025-05-17,202505,2026-08-30,molit_trade,죽동대원칸타빌
cantabile,칸타빌,전세,84.937,19,42000,0,2025-05-19,202505,2026-08-30,molit_rent,죽동대원칸타빌
cantabile,칸타빌,매매,74.883,5,56500,0,2025-05-21,202505,2026-08-30,molit_trade,죽동대원칸타빌
cantabile,칸타빌,매매,84.937,20,65700,0,2025-05-24,202505,2026-08-30,molit_trade,죽동대원칸타빌
cantabile,칸타빌,매매,84.989,11,63000,0,2025-05-27,202505,2026-08-30,molit_trade,죽동대원칸타빌
cantabile,칸타빌,전세,74.883,27,39000,0,2025-05-27,202505,2026-08-30,molit_rent,죽동대원칸타빌
cantabile,칸타빌,전세,84.989,22,34650,0,2025-05-28,202505,2026-08-30,molit_rent,죽동대원칸타빌
cantabile,칸타빌,월세,74.883,20,10000,90,2025-05-29,202505,2026-08-30,molit_rent,죽동대원칸타빌
cantabile,칸타빌,매매,74.704,15,57900,0,2025-05-31,202505,2026-08-30,molit_trade,죽동대원칸타빌
cantabile,칸타빌,전세,84.989,20,42000,0,2025-06-02,202506,2026-08-30,molit_rent,죽동대원칸타빌
cantabile,칸타빌,월세,74.883,3,20000,80,2025-06-03,202506,2026-08-30,molit_rent,죽동대원칸타빌
cantabile,칸타빌,매매,84.989,25,65000,0,2025-06-06,202506,2026-08-30,molit_trade,죽동대원칸타빌
cantabile,칸타빌,매매,74.704,5,57500,0,2025-06-06,202506,2026-08-30,molit_trade,죽동대원칸타빌
cantabile,칸타빌,매매,84.976,18,67000,0,2025-06-08,202506,2026-08-30,molit_trade,죽동대원칸타빌
cantabile,칸타빌,매매,84.937,9,64500,0,2025-06-14,202506,2026-08-30,molit_trade,죽동대원칸타빌
cantabile,칸타빌,월세,84.937,10,5000,135,2025-06-14,202506,2026-08-30,molit_rent,죽동대원칸타빌
cantabile,칸타빌,매매,84.937,4,64600,0,2025-06-18,202506,2026-08-30,molit_trade,죽동대원칸타빌
cantabile,칸타빌,전세,74.883,14,35000,0,2025-06-18,202506,2026-08-30,molit_rent,죽동대원칸타빌
cantabile,칸타빌,월세,84.937,3,20000,80,2025-06-20,202506,2026-08-30,molit_rent,죽동대원칸타빌
cantabile,칸타빌,매매,84.937,6,64800,0,2025-06-21,202506,2026-08-30,molit_trade,죽동대원칸타빌
cantabile,칸타빌,매매,84.937,1,72000,0,2025-06-25,202506,2026-08-30,molit_trade,죽동대원칸타빌
cantabile,칸타빌,매매,84.937,1,72000,0,2025-06-28,202506,2026-08-30,molit_trade,죽동대원칸타빌
cantabile,칸타빌,전세,84.937,10,39900,0,2025-06-28,202506,2026-08-30,molit_rent,죽동대원칸타빌
cantabile,칸타빌,월세,74.704,20,5000,117,2025-07-02,202507,2026-08-30,molit_rent,죽동대원칸타빌
cantabile,칸타빌,매매,84.976,4,64500,0,2025-07-03,202507,2026-08-30,molit_trade,죽동대원칸타빌
cantabile,칸타빌,매매,74.704,19,55000,0,2025-07-07,202507,2026-08-30,molit_trade,죽동대원칸타빌
cantabile,칸타빌,월세,74.883,3,5000,130,2025-07-11,202507,2026-08-30,molit_rent,죽동대원칸타빌
cantabile,칸타빌,매매,74.883,16,58500,0,2025-07-13,202507,2026-08-30,molit_trade,죽동대원칸타빌
cantabile,칸타빌,전세,84.937,22,43000,0,2025-07-26,202507,2026-08-30,molit_rent,죽동대원칸타빌
cantabile,칸타빌,전세,84.937,10,45000,0,2025-07-31,202507,2026-08-30,molit_rent,죽동대원칸타빌
cantabile,칸타빌,월세,84.937,18,5000,150,2025-07-31,202507,2026-08-30,molit_rent,죽동대원칸타빌
cantabile,칸타빌,매매,84.976,12,67000,0,2025-08-02,202508,2026-08-30,molit_trade,죽동대원칸타빌
cantabile,칸타빌,매매,74.883,2,58000,0,2025-08-02,202508,2026-08-30,molit_trade,죽동대원칸타빌
cantabile,칸타빌,전세,84.937,23,45000,0,2025-08-02,202508,2026-08-30,molit_rent,죽동대원칸타빌
cantabile,칸타빌,전세,84.937,17,40950,0,2025-08-04,202508,2026-08-30,molit_rent,죽동대원칸타빌
cantabile,칸타빌,전세,84.989,6,45000,0,2025-08-08,202508,2026-08-30,molit_rent,죽동대원칸타빌
cantabile,칸타빌,전세,84.937,12,40000,0,2025-08-08,202508,2026-08-30,molit_rent,죽동대원칸타빌
cantabile,칸타빌,전세,84.937,13,37800,0,2025-08-14,202508,2026-08-30,molit_rent,죽동대원칸타빌
cantabile,칸타빌,매매,84.976,12,67000,0,2025-08-15,202508,2026-08-30,molit_trade,죽동대원칸타빌
cantabile,칸타빌,전세,84.937,20,36750,0,2025-08-16,202508,2026-08-30,molit_rent,죽동대원칸타빌
cantabile,칸타빌,매매,74.704,6,58000,0,2025-08-17,202508,2026-08-30,molit_trade,죽동대원칸타빌
cantabile,칸타빌,전세,84.937,3,40000,0,2025-08-20,202508,2026-08-30,molit_rent,죽동대원칸타빌
cantabile,칸타빌,매매,74.883,15,57000,0,2025-08-23,202508,2026-08-30,molit_trade,죽동대원칸타빌
cantabile,칸타빌,전세,74.883,26,36750,0,2025-08-23,202508,2026-08-30,molit_rent,죽동대원칸타빌
cantabile,칸타빌,매매,84.937,17,63000,0,2025-08-24,202508,2026-08-30,molit_trade,죽동대원칸타빌
cantabile,칸타빌,매매,84.989,21,67500,0,2025-08-29,202508,2026-08-30,molit_trade,죽동대원칸타빌
cantabile,칸타빌,매매,84.937,11,63500,0,2025-08-30,202508,2026-08-30,molit_trade,죽동대원칸타빌
cantabile,칸타빌,전세,74.883,23,39000,0,2025-08-30,202508,2026-08-30,molit_rent,죽동대원칸타빌
cantabile,칸타빌,전세,84.937,22,45000,0,2025-08-30,202508,2026-08-30,molit_rent,죽동대원칸타빌
cantabile,칸타빌,매매,74.883,28,59300,0,2025-08-31,202508,2026-08-30,molit_trade,죽동대원칸타빌
cantabile,칸타빌,월세,74.883,5,5000,135,2025-09-01,202509,2026-08-30,molit_rent,죽동대원칸타빌
cantabile,칸타빌,매매,74.883,8,58000,0,2025-09-05,202509,2026-08-30,molit_trade,죽동대원칸타빌
cantabile,칸타빌,매매,74.883,22,58200,0,2025-09-07,202509,2026-08-30,molit_trade,죽동대원칸타빌
cantabile,칸타빌,매매,84.976,24,67500,0,2025-09-09,202509,2026-08-30,molit_trade,죽동대원칸타빌
cantabile,칸타빌,매매,74.883,3,55200,0,2025-09-13,202509,2026-08-30,molit_trade,죽동대원칸타빌
cantabile,칸타빌,매매,84.937,4,62800,0,2025-09-17,202509,2026-08-30,molit_trade,죽동대원칸타빌
cantabile,칸타빌,매매,84.989,2,63100,0,2025-09-20,202509,2026-08-30,molit_trade,죽동대원칸타빌
cantabile,칸타빌,매매,74.704,14,58500,0,2025-10-01,202510,2026-08-30,molit_trade,죽동대원칸타빌
cantabile,칸타빌,매매,74.704,26,58500,0,2025-10-02,202510,2026-08-30,molit_trade,죽동대원칸타빌
cantabile,칸타빌,월세,84.937,4,5000,120,2025-10-03,202510,2026-08-30,molit_rent,죽동대원칸타빌
cantabile,칸타빌,매매,84.937,27,66300,0,2025-10-10,202510,2026-08-30,molit_trade,죽동대원칸타빌
cantabile,칸타빌,매매,84.937,10,66000,0,2025-10-11,202510,2026-08-30,molit_trade,죽동대원칸타빌
cantabile,칸타빌,전세,84.937,3,45000,0,2025-10-11,202510,2026-08-30,molit_rent,죽동대원칸타빌
cantabile,칸타빌,매매,74.883,27,59500,0,2025-10-14,202510,2026-08-30,molit_trade,죽동대원칸타빌
cantabile,칸타빌,매매,84.937,20,68000,0,2025-10-15,202510,2026-08-30,molit_trade,죽동대원칸타빌
cantabile,칸타빌,매매,84.937,21,66800,0,2025-10-16,202510,2026-08-30,molit_trade,죽동대원칸타빌
cantabile,칸타빌,매매,84.937,24,69000,0,2025-10-17,202510,2026-08-30,molit_trade,죽동대원칸타빌
cantabile,칸타빌,매매,74.704,23,56900,0,2025-10-18,202510,2026-08-30,molit_trade,죽동대원칸타빌
cantabile,칸타빌,매매,74.883,25,59000,0,2025-10-18,202510,2026-08-30,molit_trade,죽동대원칸타빌
cantabile,칸타빌,매매,74.883,6,58000,0,2025-10-19,202510,2026-08-30,molit_trade,죽동대원칸타빌
cantabile,칸타빌,매매,84.937,19,67500,0,2025-10-19,202510,2026-08-30,molit_trade,죽동대원칸타빌
cantabile,칸타빌,매매,74.704,10,58000,0,2025-10-21,202510,2026-08-30,molit_trade,죽동대원칸타빌
cantabile,칸타빌,전세,84.937,21,45000,0,2025-10-24,202510,2026-08-30,molit_rent,죽동대원칸타빌
cantabile,칸타빌,전세,84.937,21,40500,0,2025-10-24,202510,2026-08-30,molit_rent,죽동대원칸타빌
cantabile,칸타빌,매매,84.937,7,65300,0,2025-10-31,202510,2026-08-30,molit_trade,죽동대원칸타빌
cantabile,칸타빌,전세,74.883,29,35000,0,2025-11-01,202511,2026-08-30,molit_rent,죽동대원칸타빌
cantabile,칸타빌,월세,74.883,18,5000,140,2025-11-02,202511,2026-08-30,molit_rent,죽동대원칸타빌
cantabile,칸타빌,전세,84.989,23,43000,0,2025-11-03,202511,2026-08-30,molit_rent,죽동대원칸타빌
cantabile,칸타빌,전세,74.704,19,37500,0,2025-11-03,202511,2026-08-30,molit_rent,죽동대원칸타빌
cantabile,칸타빌,매매,84.937,22,66500,0,2025-11-05,202511,2026-08-30,molit_trade,죽동대원칸타빌
cantabile,칸타빌,매매,74.883,30,59500,0,2025-11-07,202511,2026-08-30,molit_trade,죽동대원칸타빌
cantabile,칸타빌,전세,74.883,16,38850,0,2025-11-07,202511,2026-08-30,molit_rent,죽동대원칸타빌
cantabile,칸타빌,매매,84.937,22,67300,0,2025-11-08,202511,2026-08-30,molit_trade,죽동대원칸타빌
cantabile,칸타빌,전세,84.937,2,44000,0,2025-11-08,202511,2026-08-30,molit_rent,죽동대원칸타빌
cantabile,칸타빌,월세,74.883,11,3000,140,2025-11-08,202511,2026-08-30,molit_rent,죽동대원칸타빌
cantabile,칸타빌,전세,84.937,25,44000,0,2025-11-10,202511,2026-08-30,molit_rent,죽동대원칸타빌
cantabile,칸타빌,매매,84.937,27,67200,0,2025-11-12,202511,2026-08-30,molit_trade,죽동대원칸타빌
cantabile,칸타빌,전세,84.937,27,47000,0,2025-11-14,202511,2026-08-30,molit_rent,죽동대원칸타빌
cantabile,칸타빌,월세,74.883,22,5000,121,2025-11-15,202511,2026-08-30,molit_rent,죽동대원칸타빌
cantabile,칸타빌,월세,74.704,22,5000,121,2025-11-15,202511,2026-08-30,molit_rent,죽동대원칸타빌
cantabile,칸타빌,전세,84.937,19,42000,0,2025-11-15,202511,2026-08-30,molit_rent,죽동대원칸타빌
cantabile,칸타빌,매매,84.937,8,65500,0,2025-11-16,202511,2026-08-30,molit_trade,죽동대원칸타빌
cantabile,칸타빌,전세,84.937,14,45500,0,2025-11-16,202511,2026-08-30,molit_rent,죽동대원칸타빌
cantabile,칸타빌,월세,84.989,13,5000,140,2025-11-18,202511,2026-08-30,molit_rent,죽동대원칸타빌
cantabile,칸타빌,월세,74.704,12,5000,140,2025-11-19,202511,2026-08-30,molit_rent,죽동대원칸타빌
cantabile,칸타빌,월세,74.883,9,12500,120,2025-11-22,202511,2026-08-30,molit_rent,죽동대원칸타빌
cantabile,칸타빌,전세,84.989,22,44000,0,2025-11-24,202511,2026-08-30,molit_rent,죽동대원칸타빌
cantabile,칸타빌,매매,84.937,7,64800,0,2025-11-25,202511,2026-08-30,molit_trade,죽동대원칸타빌
cantabile,칸타빌,전세,84.937,27,43000,0,2025-11-27,202511,2026-08-30,molit_rent,죽동대원칸타빌
cantabile,칸타빌,전세,84.989,13,42000,0,2025-11-29,202511,2026-08-30,molit_rent,죽동대원칸타빌
cantabile,칸타빌,매매,84.937,23,66500,0,2025-12-06,202512,2026-08-30,molit_trade,죽동대원칸타빌
cantabile,칸타빌,매매,84.937,27,67000,0,2025-12-08,202512,2026-08-30,molit_trade,죽동대원칸타빌
cantabile,칸타빌,전세,84.989,10,47000,0,2025-12-10,202512,2026-08-30,molit_rent,죽동대원칸타빌
cantabile,칸타빌,전세,84.989,17,45000,0,2025-12-11,202512,2026-08-30,molit_rent,죽동대원칸타빌
cantabile,칸타빌,매매,74.883,19,59000,0,2025-12-15,202512,2026-08-30,molit_trade,죽동대원칸타빌
cantabile,칸타빌,전세,84.937,6,44000,0,2025-12-15,202512,2026-08-30,molit_rent,죽동대원칸타빌
cantabile,칸타빌,전세,84.937,7,55000,0,2025-12-18,202512,2026-08-30,molit_rent,죽동대원칸타빌
cantabile,칸타빌,전세,84.937,9,45000,0,2025-12-25,202512,2026-08-30,molit_rent,죽동대원칸타빌
cantabile,칸타빌,매매,84.937,8,66000,0,2025-12-26,202512,2026-08-30,molit_trade,죽동대원칸타빌
cantabile,칸타빌,매매,84.976,24,68000,0,2025-12-30,202512,2026-08-30,molit_trade,죽동대원칸타빌
cantabile,칸타빌,전세,74.883,21,39000,0,2026-01-02,202601,2026-08-30,molit_rent,죽동대원칸타빌
cantabile,칸타빌,전세,84.989,2,46000,0,2026-01-06,202601,2026-08-30,molit_rent,죽동대원칸타빌
cantabile,칸타빌,전세,84.989,22,46000,0,2026-01-07,202601,2026-08-30,molit_rent,죽동대원칸타빌
cantabile,칸타빌,전세,74.704,22,40000,0,2026-01-07,202601,2026-08-30,molit_rent,죽동대원칸타빌
cantabile,칸타빌,전세,84.937,23,46000,0,2026-01-08,202601,2026-08-30,molit_rent,죽동대원칸타빌
cantabile,칸타빌,전세,74.883,26,40000,0,2026-01-09,202601,2026-08-30,molit_rent,죽동대원칸타빌
cantabile,칸타빌,전세,84.937,13,45000,0,2026-01-10,202601,2026-08-30,molit_rent,죽동대원칸타빌
cantabile,칸타빌,매매,74.883,11,57500,0,2026-01-12,202601,2026-08-30,molit_trade,죽동대원칸타빌
cantabile,칸타빌,전세,84.989,14,42000,0,2026-01-12,202601,2026-08-30,molit_rent,죽동대원칸타빌
cantabile,칸타빌,전세,84.937,22,45000,0,2026-01-20,202601,2026-08-30,molit_rent,죽동대원칸타빌
cantabile,칸타빌,매매,74.704,8,57800,0,2026-01-21,202601,2026-08-30,molit_trade,죽동대원칸타빌
cantabile,칸타빌,매매,84.937,15,66500,0,2026-01-23,202601,2026-08-30,molit_trade,죽동대원칸타빌
cantabile,칸타빌,월세,74.704,13,6000,130,2026-01-23,202601,2026-08-30,molit_rent,죽동대원칸타빌
cantabile,칸타빌,매매,74.704,28,58500,0,2026-01-24,202601,2026-08-30,molit_trade,죽동대원칸타빌
cantabile,칸타빌,전세,84.937,17,44000,0,2026-01-24,202601,2026-08-30,molit_rent,죽동대원칸타빌
cantabile,칸타빌,전세,74.883,5,40000,0,2026-01-27,202601,2026-08-30,molit_rent,죽동대원칸타빌
cantabile,칸타빌,전세,84.976,2,45000,0,2026-01-30,202601,2026-08-30,molit_rent,죽동대원칸타빌
cantabile,칸타빌,매매,84.989,21,67000,0,2026-02-03,202602,2026-08-30,molit_trade,죽동대원칸타빌
cantabile,칸타빌,전세,84.937,22,45000,0,2026-02-03,202602,2026-08-30,molit_rent,죽동대원칸타빌
cantabile,칸타빌,월세,84.976,20,5000,150,2026-02-05,202602,2026-08-30,molit_rent,죽동대원칸타빌
cantabile,칸타빌,전세,74.883,4,37000,0,2026-02-06,202602,2026-08-30,molit_rent,죽동대원칸타빌
cantabile,칸타빌,매매,74.704,25,59000,0,2026-02-07,202602,2026-08-30,molit_trade,죽동대원칸타빌
cantabile,칸타빌,매매,84.937,7,67000,0,2026-02-07,202602,2026-08-30,molit_trade,죽동대원칸타빌
cantabile,칸타빌,월세,84.989,3,3000,105,2026-02-07,202602,2026-08-30,molit_rent,죽동대원칸타빌
cantabile,칸타빌,월세,84.976,26,20000,95,2026-02-07,202602,2026-08-30,molit_rent,죽동대원칸타빌
cantabile,칸타빌,전세,74.883,23,43000,0,2026-02-12,202602,2026-08-30,molit_rent,죽동대원칸타빌
cantabile,칸타빌,매매,74.704,18,58200,0,2026-02-19,202602,2026-08-30,molit_trade,죽동대원칸타빌
cantabile,칸타빌,매매,74.883,23,58000,0,2026-02-21,202602,2026-08-30,molit_trade,죽동대원칸타빌
cantabile,칸타빌,전세,74.704,7,40000,0,2026-02-21,202602,2026-08-30,molit_rent,죽동대원칸타빌
cantabile,칸타빌,매매,74.883,24,58300,0,2026-02-22,202602,2026-08-30,molit_trade,죽동대원칸타빌
cantabile,칸타빌,매매,74.704,12,59000,0,2026-02-24,202602,2026-08-30,molit_trade,죽동대원칸타빌
cantabile,칸타빌,매매,74.704,18,58200,0,2026-02-25,202602,2026-08-30,molit_trade,죽동대원칸타빌
cantabile,칸타빌,월세,84.937,21,15000,100,2026-03-02,202603,2026-08-30,molit_rent,죽동대원칸타빌
cantabile,칸타빌,매매,84.937,16,64000,0,2026-03-05,202603,2026-08-30,molit_trade,죽동대원칸타빌
cantabile,칸타빌,매매,84.976,29,67800,0,2026-03-11,202603,2026-08-30,molit_trade,죽동대원칸타빌
cantabile,칸타빌,전세,84.976,15,44000,0,2026-03-12,202603,2026-08-30,molit_rent,죽동대원칸타빌
cantabile,칸타빌,매매,84.937,20,66000,0,2026-03-14,202603,2026-08-30,molit_trade,죽동대원칸타빌
cantabile,칸타빌,전세,84.937,23,45000,0,2026-03-16,202603,2026-08-30,molit_rent,죽동대원칸타빌
cantabile,칸타빌,매매,84.989,22,56950,0,2026-03-19,202603,2026-08-30,molit_trade,죽동대원칸타빌
cantabile,칸타빌,매매,84.937,6,67000,0,2026-03-20,202603,2026-08-30,molit_trade,죽동대원칸타빌
cantabile,칸타빌,매매,84.989,10,44000,0,2026-03-20,202603,2026-08-30,molit_trade,죽동대원칸타빌
cantabile,칸타빌,매매,84.937,8,65100,0,2026-03-20,202603,2026-08-30,molit_trade,죽동대원칸타빌
cantabile,칸타빌,월세,74.883,4,5000,130,2026-03-20,202603,2026-08-30,molit_rent,죽동대원칸타빌
cantabile,칸타빌,월세,74.883,4,1,130,2026-03-20,202603,2026-08-30,molit_rent,죽동대원칸타빌
cantabile,칸타빌,매매,84.937,5,65300,0,2026-03-21,202603,2026-08-30,molit_trade,죽동대원칸타빌
cantabile,칸타빌,매매,74.883,5,57000,0,2026-03-21,202603,2026-08-30,molit_trade,죽동대원칸타빌
cantabile,칸타빌,전세,84.976,29,47000,0,2026-03-22,202603,2026-08-30,molit_rent,죽동대원칸타빌
cantabile,칸타빌,매매,84.976,10,65000,0,2026-03-25,202603,2026-08-30,molit_trade,죽동대원칸타빌
cantabile,칸타빌,매매,84.937,10,64000,0,2026-03-29,202603,2026-08-30,molit_trade,죽동대원칸타빌
cantabile,칸타빌,전세,84.937,12,44000,0,2026-03-30,202603,2026-08-30,molit_rent,죽동대원칸타빌
cantabile,칸타빌,매매,84.937,19,66000,0,2026-03-31,202603,2026-08-30,molit_trade,죽동대원칸타빌
cantabile,칸타빌,매매,74.883,13,59900,0,2026-04-01,202604,2026-08-30,molit_trade,죽동대원칸타빌
cantabile,칸타빌,매매,84.937,7,66700,0,2026-04-03,202604,2026-08-30,molit_trade,죽동대원칸타빌
cantabile,칸타빌,전세,84.937,29,47000,0,2026-04-07,202604,2026-08-30,molit_rent,죽동대원칸타빌
cantabile,칸타빌,월세,74.883,29,5000,130,2026-04-09,202604,2026-08-30,molit_rent,죽동대원칸타빌
cantabile,칸타빌,매매,74.883,13,58000,0,2026-04-18,202604,2026-08-30,molit_trade,죽동대원칸타빌
cantabile,칸타빌,매매,84.976,22,67800,0,2026-04-19,202604,2026-08-30,molit_trade,죽동대원칸타빌
cantabile,칸타빌,매매,84.989,3,61000,0,2026-04-20,202604,2026-08-30,molit_trade,죽동대원칸타빌
cantabile,칸타빌,전세,74.883,3,40000,0,2026-04-22,202604,2026-08-30,molit_rent,죽동대원칸타빌
cantabile,칸타빌,매매,74.883,16,58200,0,2026-04-25,202604,2026-08-30,molit_trade,죽동대원칸타빌
cantabile,칸타빌,매매,74.883,24,58900,0,2026-04-30,202604,2026-08-30,molit_trade,죽동대원칸타빌
cantabile,칸타빌,매매,74.704,8,56000,0,2026-05-01,202605,2026-08-30,molit_trade,죽동대원칸타빌
cantabile,칸타빌,매매,84.976,30,68200,0,2026-05-04,202605,2026-08-30,molit_trade,죽동대원칸타빌
cantabile,칸타빌,매매,84.937,13,68500,0,2026-05-05,202605,2026-08-30,molit_trade,죽동대원칸타빌
cantabile,칸타빌,매매,74.883,7,58200,0,2026-05-05,202605,2026-08-30,molit_trade,죽동대원칸타빌
cantabile,칸타빌,월세,74.704,29,5000,140,2026-05-12,202605,2026-08-30,molit_rent,죽동대원칸타빌
cantabile,칸타빌,매매,74.704,14,55000,0,2026-05-26,202605,2026-08-30,molit_trade,죽동대원칸타빌
cantabile,칸타빌,전세,84.937,5,47000,0,2026-05-27,202605,2026-08-30,molit_rent,죽동대원칸타빌
cantabile,칸타빌,매매,84.937,22,66800,0,2026-05-30,202605,2026-08-30,molit_trade,죽동대원칸타빌
cantabile,칸타빌,매매,74.883,28,58500,0,2026-05-30,202605,2026-08-30,molit_trade,죽동대원칸타빌
cantabile,칸타빌,매매,74.704,24,57500,0,2026-05-30,202605,2026-08-30,molit_trade,죽동대원칸타빌
cantabile,칸타빌,매매,84.937,20,59000,0,2026-06-08,202606,2026-08-30,molit_trade,죽동대원칸타빌
cantabile,칸타빌,매매,74.883,3,55800,0,2026-06-11,202606,2026-08-30,molit_trade,죽동대원칸타빌
cantabile,칸타빌,매매,74.883,26,58500,0,2026-06-14,202606,2026-08-30,molit_trade,죽동대원칸타빌
cantabile,칸타빌,매매,74.704,2,58800,0,2026-06-15,202606,2026-08-30,molit_trade,죽동대원칸타빌
cantabile,칸타빌,매매,84.976,23,68300,0,2026-06-18,202606,2026-08-30,molit_trade,죽동대원칸타빌
cantabile,칸타빌,매매,74.704,7,56500,0,2026-06-19,202606,2026-08-30,molit_trade,죽동대원칸타빌
cantabile,칸타빌,매매,74.704,12,58000,0,2026-06-20,202606,2026-08-30,molit_trade,죽동대원칸타빌
cantabile,칸타빌,매매,74.704,24,57000,0,2026-06-20,202606,2026-08-30,molit_trade,죽동대원칸타빌
cantabile,칸타빌,매매,74.704,7,58700,0,2026-06-20,202606,2026-08-30,molit_trade,죽동대원칸타빌
cantabile,칸타빌,매매,74.883,2,57700,0,2026-06-25,202606,2026-08-30,molit_trade,죽동대원칸타빌
cantabile,칸타빌,매매,84.937,6,69000,0,2026-06-27,202606,2026-08-30,molit_trade,죽동대원칸타빌
cantabile,칸타빌,매매,74.883,25,59400,0,2026-07-03,202607,2026-08-30,molit_trade,죽동대원칸타빌
cantabile,칸타빌,전세,84.937,25,45000,0,2026-07-03,202607,2026-08-30,molit_rent,죽동대원칸타빌
cantabile,칸타빌,매매,84.937,23,68000,0,2026-07-04,202607,2026-08-30,molit_trade,죽동대원칸타빌
cantabile,칸타빌,매매,74.883,5,59000,0,2026-07-05,202607,2026-08-30,molit_trade,죽동대원칸타빌
cantabile,칸타빌,매매,74.883,2,55000,0,2026-07-11,202607,2026-08-30,molit_trade,죽동대원칸타빌
cantabile,칸타빌,전세,84.937,9,45000,0,2026-07-13,202607,2026-08-30,molit_rent,죽동대원칸타빌
cantabile,칸타빌,매매,74.704,28,59500,0,2026-07-16,202607,2026-08-30,molit_trade,죽동대원칸타빌
cantabile,칸타빌,매매,84.937,7,65800,0,2026-07-18,202607,2026-08-30,molit_trade,죽동대원칸타빌
cantabile,칸타빌,매매,74.704,18,58000,0,2026-07-18,202607,2026-08-30,molit_trade,죽동대원칸타빌
cantabile,칸타빌,매매,84.937,16,65000,0,2026-07-18,202607,2026-08-30,molit_trade,죽동대원칸타빌
cantabile,칸타빌,매매,84.976,29,69000,0,2026-07-19,202607,2026-08-30,molit_trade,죽동대원칸타빌
cantabile,칸타빌,매매,84.937,12,67500,0,2026-07-20,202607,2026-08-30,molit_trade,죽동대원칸타빌
cantabile,칸타빌,매매,84.976,19,67500,0,2026-07-20,202607,2026-08-30,molit_trade,죽동대원칸타빌
cantabile,칸타빌,매매,74.704,6,57200,0,2026-07-26,202607,2026-08-30,molit_trade,죽동대원칸타빌
cantabile,칸타빌,매매,84.989,21,64000,0,2026-07-28,202607,2026-08-30,molit_trade,죽동대원칸타빌
cantabile,칸타빌,월세,84.937,14,10000,130,2026-08-05,202608,2026-08-30,molit_rent,죽동대원칸타빌
cantabile,칸타빌,전세,84.989,20,45000,0,2026-08-06,202608,2026-08-30,molit_rent,죽동대원칸타빌
cantabile,칸타빌,매매,84.937,16,68000,0,2026-08-14,202608,2026-08-30,molit_trade,죽동대원칸타빌
cantabile,칸타빌,월세,84.937,11,10000,130,2026-08-21,202608,2026-08-30,molit_rent,죽동대원칸타빌
cantabile,칸타빌,전세,84.937,7,44000,0,2026-08-24,202608,2026-08-30,molit_rent,죽동대원칸타빌
cantabile,칸타빌,월세,84.937,22,10000,120,2026-08-27,202608,2026-08-30,molit_rent,죽동대원칸타빌
dunsan-xi-i-park,둔산자이아이파크,월세,84.99,26,3000,180,2025-10-14,202510,2026-08-30,molit_rent,둔산자이아이파크
dunsan-xi-i-park,둔산자이아이파크,전세,84.99,14,40000,0,2025-11-19,202511,2026-08-30,molit_rent,둔산자이아이파크
dunsan-xi-i-park,둔산자이아이파크,전세,84.99,33,62000,0,2026-06-17,202606,2026-08-30,molit_rent,둔산자이아이파크
dunsan-xi-i-park,둔산자이아이파크,전세,84.99,27,60000,0,2026-06-19,202606,2026-08-30,molit_rent,둔산자이아이파크
dunsan-xi-i-park,둔산자이아이파크,전세,84.99,16,57000,0,2026-06-29,202606,2026-08-30,molit_rent,둔산자이아이파크
dunsan-xi-i-park,둔산자이아이파크,월세,84.99,16,35000,130,2026-07-03,202607,2026-08-30,molit_rent,둔산자이아이파크
dunsan-xi-i-park,둔산자이아이파크,월세,84.99,30,5000,140,2026-07-14,202607,2026-08-30,molit_rent,둔산자이아이파크
dunsan-xi-i-park,둔산자이아이파크,전세,84.99,38,60000,0,2026-07-23,202607,2026-08-30,molit_rent,둔산자이아이파크
dunsan-xi-i-park,둔산자이아이파크,월세,59.99,18,5000,155,2026-07-24,202607,2026-08-30,molit_rent,둔산자이아이파크
dunsan-xi-i-park,둔산자이아이파크,전세,99.99,33,80000,0,2026-07-24,202607,2026-08-30,molit_rent,둔산자이아이파크
dunsan-xi-i-park,둔산자이아이파크,월세,84.99,19,35000,95,2026-07-25,202607,2026-08-30,molit_rent,둔산자이아이파크
dunsan-xi-i-park,둔산자이아이파크,전세,59.99,15,46000,0,2026-07-25,202607,2026-08-30,molit_rent,둔산자이아이파크
dunsan-xi-i-park,둔산자이아이파크,전세,84.99,18,60000,0,2026-07-30,202607,2026-08-30,molit_rent,둔산자이아이파크
dunsan-xi-i-park,둔산자이아이파크,월세,59.99,21,3000,170,2026-08-05,202608,2026-08-30,molit_rent,둔산자이아이파크
dunsan-xi-i-park,둔산자이아이파크,월세,84.99,5,21000,84,2026-08-08,202608,2026-08-30,molit_rent,둔산자이아이파크
dunsan-xi-i-park,둔산자이아이파크,월세,84.99,16,5000,200,2026-08-10,202608,2026-08-30,molit_rent,둔산자이아이파크
dunsan-xi-i-park,둔산자이아이파크,매매,84.99,17,98000,0,2026-08-17,202608,2026-08-30,molit_trade,둔산자이아이파크
jukdong-cheonnyeonnamu,죽동천년나무아파트,월세,59.89,15,11655,23,2021-09-30,202109,2026-08-30,molit_rent,죽동천년나무5단지
jukdong-cheonnyeonnamu,죽동천년나무아파트,월세,59.98,8,3965,55,2021-11-26,202111,2026-08-30,molit_rent,죽동천년나무5단지
jukdong-cheonnyeonnamu,죽동천년나무아파트,매매,59.98,17,50000,0,2021-12-27,202112,2026-08-30,molit_trade,죽동천년나무5단지
jukdong-cheonnyeonnamu,죽동천년나무아파트,월세,59.89,8,11655,23,2022-01-18,202201,2026-08-30,molit_rent,죽동천년나무5단지
jukdong-cheonnyeonnamu,죽동천년나무아파트,월세,59.98,15,20000,20,2022-01-21,202201,2026-08-30,molit_rent,죽동천년나무5단지
jukdong-cheonnyeonnamu,죽동천년나무아파트,월세,59.89,6,2000,90,2022-02-18,202202,2026-08-30,molit_rent,죽동천년나무5단지
jukdong-cheonnyeonnamu,죽동천년나무아파트,월세,59.98,14,3000,90,2022-02-21,202202,2026-08-30,molit_rent,죽동천년나무5단지
jukdong-cheonnyeonnamu,죽동천년나무아파트,월세,59.98,15,20000,20,2022-02-23,202202,2026-08-30,molit_rent,죽동천년나무5단지
jukdong-cheonnyeonnamu,죽동천년나무아파트,월세,59.89,7,11655,23,2022-03-17,202203,2026-08-30,molit_rent,죽동천년나무5단지
jukdong-cheonnyeonnamu,죽동천년나무아파트,월세,59.89,8,5000,80,2022-03-19,202203,2026-08-30,molit_rent,죽동천년나무5단지
jukdong-cheonnyeonnamu,죽동천년나무아파트,월세,59.89,8,10555,22,2022-04-08,202204,2026-08-30,molit_rent,죽동천년나무5단지
jukdong-cheonnyeonnamu,죽동천년나무아파트,월세,59.94,2,3921,55,2022-05-17,202205,2026-08-30,molit_rent,죽동천년나무5단지
jukdong-cheonnyeonnamu,죽동천년나무아파트,월세,59.89,2,3955,55,2022-05-17,202205,2026-08-30,molit_rent,죽동천년나무5단지
jukdong-cheonnyeonnamu,죽동천년나무아파트,월세,51.98,4,3012,49,2022-05-17,202205,2026-08-30,molit_rent,죽동천년나무5단지
jukdong-cheonnyeonnamu,죽동천년나무아파트,월세,59.98,11,3965,55,2022-05-17,202205,2026-08-30,molit_rent,죽동천년나무5단지
jukdong-cheonnyeonnamu,죽동천년나무아파트,월세,59.89,14,3955,55,2022-05-17,202205,2026-08-30,molit_rent,죽동천년나무5단지
jukdong-cheonnyeonnamu,죽동천년나무아파트,월세,59.95,13,3924,55,2022-05-17,202205,2026-08-30,molit_rent,죽동천년나무5단지
jukdong-cheonnyeonnamu,죽동천년나무아파트,월세,59.89,8,3955,55,2022-05-17,202205,2026-08-30,molit_rent,죽동천년나무5단지
jukdong-cheonnyeonnamu,죽동천년나무아파트,월세,59.89,18,3955,55,2022-05-17,202205,2026-08-30,molit_rent,죽동천년나무5단지
jukdong-cheonnyeonnamu,죽동천년나무아파트,월세,51.98,5,3012,49,2022-05-17,202205,2026-08-30,molit_rent,죽동천년나무5단지
jukdong-cheonnyeonnamu,죽동천년나무아파트,월세,59.89,12,3955,55,2022-05-18,202205,2026-08-30,molit_rent,죽동천년나무5단지
jukdong-cheonnyeonnamu,죽동천년나무아파트,월세,59.98,1,10365,23,2022-06-07,202206,2026-08-30,molit_rent,죽동천년나무5단지
jukdong-cheonnyeonnamu,죽동천년나무아파트,월세,51.98,5,10012,20,2022-06-09,202206,2026-08-30,molit_rent,죽동천년나무5단지
jukdong-cheonnyeonnamu,죽동천년나무아파트,월세,59.89,2,10555,22,2022-06-10,202206,2026-08-30,molit_rent,죽동천년나무5단지
jukdong-cheonnyeonnamu,죽동천년나무아파트,월세,51.98,7,5112,38,2022-06-14,202206,2026-08-30,molit_rent,죽동천년나무5단지
jukdong-cheonnyeonnamu,죽동천년나무아파트,월세,59.95,13,11824,22,2022-06-20,202206,2026-08-30,molit_rent,죽동천년나무5단지
jukdong-cheonnyeonnamu,죽동천년나무아파트,월세,59.95,18,3924,55,2022-06-21,202206,2026-08-30,molit_rent,죽동천년나무5단지
jukdong-cheonnyeonnamu,죽동천년나무아파트,월세,51.98,2,5812,35,2022-06-22,202206,2026-08-30,molit_rent,죽동천년나무5단지
jukdong-cheonnyeonnamu,죽동천년나무아파트,월세,59.89,8,7855,39,2022-06-24,202206,2026-08-30,molit_rent,죽동천년나무5단지
jukdong-cheonnyeonnamu,죽동천년나무아파트,월세,59.89,8,9055,34,2022-06-27,202206,2026-08-30,molit_rent,죽동천년나무5단지
jukdong-cheonnyeonnamu,죽동천년나무아파트,월세,59.94,9,7521,37,2022-07-01,202207,2026-08-30,molit_rent,죽동천년나무5단지
jukdong-cheonnyeonnamu,죽동천년나무아파트,월세,59.98,8,11865,22,2022-07-05,202207,2026-08-30,molit_rent,죽동천년나무5단지
jukdong-cheonnyeonnamu,죽동천년나무아파트,월세,59.98,19,10365,23,2022-07-05,202207,2026-08-30,molit_rent,죽동천년나무5단지
jukdong-cheonnyeonnamu,죽동천년나무아파트,월세,51.98,10,3012,49,2022-07-05,202207,2026-08-30,molit_rent,죽동천년나무5단지
jukdong-cheonnyeonnamu,죽동천년나무아파트,월세,59.89,8,10555,22,2022-07-05,202207,2026-08-30,molit_rent,죽동천년나무5단지
jukdong-cheonnyeonnamu,죽동천년나무아파트,월세,59.89,2,10355,23,2022-07-06,202207,2026-08-30,molit_rent,죽동천년나무5단지
jukdong-cheonnyeonnamu,죽동천년나무아파트,월세,59.89,7,7555,37,2022-07-07,202207,2026-08-30,molit_rent,죽동천년나무5단지
jukdong-cheonnyeonnamu,죽동천년나무아파트,월세,59.95,18,7524,37,2022-07-07,202207,2026-08-30,molit_rent,죽동천년나무5단지
jukdong-cheonnyeonnamu,죽동천년나무아파트,월세,59.94,20,9221,30,2022-07-18,202207,2026-08-30,molit_rent,죽동천년나무5단지
jukdong-cheonnyeonnamu,죽동천년나무아파트,월세,59.98,6,11065,23,2022-07-18,202207,2026-08-30,molit_rent,죽동천년나무5단지
jukdong-cheonnyeonnamu,죽동천년나무아파트,월세,59.98,16,9965,30,2022-07-19,202207,2026-08-30,molit_rent,죽동천년나무5단지
jukdong-cheonnyeonnamu,죽동천년나무아파트,월세,59.98,14,7565,37,2022-07-20,202207,2026-08-30,molit_rent,죽동천년나무5단지
jukdong-cheonnyeonnamu,죽동천년나무아파트,월세,59.89,10,10555,22,2022-07-21,202207,2026-08-30,molit_rent,죽동천년나무5단지
jukdong-cheonnyeonnamu,죽동천년나무아파트,월세,51.98,3,8712,20,2022-07-21,202207,2026-08-30,molit_rent,죽동천년나무5단지
jukdong-cheonnyeonnamu,죽동천년나무아파트,월세,59.89,2,7555,37,2022-07-25,202207,2026-08-30,molit_rent,죽동천년나무5단지
jukdong-cheonnyeonnamu,죽동천년나무아파트,월세,59.89,8,5000,75,2022-07-26,202207,2026-08-30,molit_rent,죽동천년나무5단지
jukdong-cheonnyeonnamu,죽동천년나무아파트,월세,59.98,7,10365,23,2022-07-26,202207,2026-08-30,molit_rent,죽동천년나무5단지
jukdong-cheonnyeonnamu,죽동천년나무아파트,월세,59.98,13,10565,22,2022-07-26,202207,2026-08-30,molit_rent,죽동천년나무5단지
jukdong-cheonnyeonnamu,죽동천년나무아파트,월세,59.98,5,7565,37,2022-07-28,202207,2026-08-30,molit_rent,죽동천년나무5단지
jukdong-cheonnyeonnamu,죽동천년나무아파트,월세,59.94,15,9321,29,2022-07-28,202207,2026-08-30,molit_rent,죽동천년나무5단지
jukdong-cheonnyeonnamu,죽동천년나무아파트,월세,59.98,14,10565,22,2022-07-28,202207,2026-08-30,molit_rent,죽동천년나무5단지
jukdong-cheonnyeonnamu,죽동천년나무아파트,월세,59.95,15,10324,55,2022-07-28,202207,2026-08-30,molit_rent,죽동천년나무5단지
jukdong-cheonnyeonnamu,죽동천년나무아파트,월세,59.98,6,7565,37,2022-07-28,202207,2026-08-30,molit_rent,죽동천년나무5단지
jukdong-cheonnyeonnamu,죽동천년나무아파트,월세,59.89,3,10355,23,2022-07-28,202207,2026-08-30,molit_rent,죽동천년나무5단지
jukdong-cheonnyeonnamu,죽동천년나무아파트,월세,59.98,3,10365,23,2022-07-28,202207,2026-08-30,molit_rent,죽동천년나무5단지
jukdong-cheonnyeonnamu,죽동천년나무아파트,월세,59.94,14,11021,22,2022-08-02,202208,2026-08-30,molit_rent,죽동천년나무5단지
jukdong-cheonnyeonnamu,죽동천년나무아파트,월세,59.94,18,9621,28,2022-08-04,202208,2026-08-30,molit_rent,죽동천년나무5단지
jukdong-cheonnyeonnamu,죽동천년나무아파트,월세,59.98,20,10065,25,2022-08-16,202208,2026-08-30,molit_rent,죽동천년나무5단지
jukdong-cheonnyeonnamu,죽동천년나무아파트,월세,59.94,9,11821,22,2022-08-17,202208,2026-08-30,molit_rent,죽동천년나무5단지
jukdong-cheonnyeonnamu,죽동천년나무아파트,전세,59.94,7,29000,0,2022-08-18,202208,2026-08-30,molit_rent,죽동천년나무5단지
jukdong-cheonnyeonnamu,죽동천년나무아파트,월세,51.98,6,6012,36,2022-08-18,202208,2026-08-30,molit_rent,죽동천년나무5단지
jukdong-cheonnyeonnamu,죽동천년나무아파트,월세,51.98,9,4312,43,2022-08-24,202208,2026-08-30,molit_rent,죽동천년나무5단지
jukdong-cheonnyeonnamu,죽동천년나무아파트,월세,59.89,16,10000,50,2022-09-03,202209,2026-08-30,molit_rent,죽동천년나무5단지
jukdong-cheonnyeonnamu,죽동천년나무아파트,월세,51.98,5,8712,20,2022-10-25,202210,2026-08-30,molit_rent,죽동천년나무5단지
jukdong-cheonnyeonnamu,죽동천년나무아파트,월세,59.98,15,1000,80,2022-12-21,202212,2026-08-30,molit_rent,죽동천년나무5단지
jukdong-cheonnyeonnamu,죽동천년나무아파트,전세,59.95,4,26500,0,2023-01-12,202301,2026-08-30,molit_rent,죽동천년나무5단지
jukdong-cheonnyeonnamu,죽동천년나무아파트,월세,59.89,1,11855,22,2023-02-13,202302,2026-08-30,molit_rent,죽동천년나무5단지
jukdong-cheonnyeonnamu,죽동천년나무아파트,월세,59.89,16,11855,22,2023-03-03,202303,2026-08-30,molit_rent,죽동천년나무5단지
jukdong-cheonnyeonnamu,죽동천년나무아파트,월세,59.89,8,9555,32,2023-03-10,202303,2026-08-30,molit_rent,죽동천년나무5단지
jukdong-cheonnyeonnamu,죽동천년나무아파트,월세,59.95,17,3924,55,2023-03-14,202303,2026-08-30,molit_rent,죽동천년나무5단지
jukdong-cheonnyeonnamu,죽동천년나무아파트,월세,59.95,17,11824,22,2023-03-27,202303,2026-08-30,molit_rent,죽동천년나무5단지
jukdong-cheonnyeonnamu,죽동천년나무아파트,월세,59.98,16,11365,24,2023-04-17,202304,2026-08-30,molit_rent,죽동천년나무5단지
jukdong-cheonnyeonnamu,죽동천년나무아파트,월세,59.89,4,10355,23,2023-04-19,202304,2026-08-30,molit_rent,죽동천년나무5단지
jukdong-cheonnyeonnamu,죽동천년나무아파트,전세,59.98,8,28000,0,2023-05-12,202305,2026-08-30,molit_rent,죽동천년나무5단지
jukdong-cheonnyeonnamu,죽동천년나무아파트,매매,59.95,4,38900,0,2023-05-28,202305,2026-08-30,molit_trade,죽동천년나무5단지
jukdong-cheonnyeonnamu,죽동천년나무아파트,전세,59.98,8,28000,0,2023-06-06,202306,2026-08-30,molit_rent,죽동천년나무5단지
jukdong-cheonnyeonnamu,죽동천년나무아파트,월세,59.89,1,7955,35,2023-06-13,202306,2026-08-30,molit_rent,죽동천년나무5단지
jukdong-cheonnyeonnamu,죽동천년나무아파트,월세,59.95,3,4000,82,2023-07-18,202307,2026-08-30,molit_rent,죽동천년나무5단지
jukdong-cheonnyeonnamu,죽동천년나무아파트,월세,59.89,15,10355,23,2023-07-18,202307,2026-08-30,molit_rent,죽동천년나무5단지
jukdong-cheonnyeonnamu,죽동천년나무아파트,월세,59.98,16,3965,55,2023-10-24,202310,2026-08-30,molit_rent,죽동천년나무5단지
jukdong-cheonnyeonnamu,죽동천년나무아파트,월세,59.89,10,3955,55,2023-10-24,202310,2026-08-30,molit_rent,죽동천년나무5단지
jukdong-cheonnyeonnamu,죽동천년나무아파트,월세,59.89,4,3955,55,2023-10-24,202310,2026-08-30,molit_rent,죽동천년나무5단지
jukdong-cheonnyeonnamu,죽동천년나무아파트,월세,59.98,15,3965,55,2023-10-24,202310,2026-08-30,molit_rent,죽동천년나무5단지
jukdong-cheonnyeonnamu,죽동천년나무아파트,월세,59.98,6,3965,55,2023-10-24,202310,2026-08-30,molit_rent,죽동천년나무5단지
jukdong-cheonnyeonnamu,죽동천년나무아파트,월세,59.98,13,3965,55,2023-10-24,202310,2026-08-30,molit_rent,죽동천년나무5단지
jukdong-cheonnyeonnamu,죽동천년나무아파트,월세,59.94,1,3921,55,2023-10-24,202310,2026-08-30,molit_rent,죽동천년나무5단지
jukdong-cheonnyeonnamu,죽동천년나무아파트,월세,59.89,11,3955,55,2023-10-24,202310,2026-08-30,molit_rent,죽동천년나무5단지
jukdong-cheonnyeonnamu,죽동천년나무아파트,월세,59.89,6,3955,55,2023-10-24,202310,2026-08-30,molit_rent,죽동천년나무5단지
jukdong-cheonnyeonnamu,죽동천년나무아파트,월세,59.98,10,3965,55,2023-10-24,202310,2026-08-30,molit_rent,죽동천년나무5단지
jukdong-cheonnyeonnamu,죽동천년나무아파트,월세,51.98,15,3012,49,2023-10-24,202310,2026-08-30,molit_rent,죽동천년나무5단지
jukdong-cheonnyeonnamu,죽동천년나무아파트,월세,59.98,5,3965,55,2023-10-24,202310,2026-08-30,molit_rent,죽동천년나무5단지
jukdong-cheonnyeonnamu,죽동천년나무아파트,월세,59.89,1,3955,55,2023-10-24,202310,2026-08-30,molit_rent,죽동천년나무5단지
jukdong-cheonnyeonnamu,죽동천년나무아파트,월세,59.98,11,3965,55,2023-10-24,202310,2026-08-30,molit_rent,죽동천년나무5단지
jukdong-cheonnyeonnamu,죽동천년나무아파트,월세,51.98,3,3012,49,2023-10-24,202310,2026-08-30,molit_rent,죽동천년나무5단지
jukdong-cheonnyeonnamu,죽동천년나무아파트,월세,59.94,16,3921,55,2023-10-24,202310,2026-08-30,molit_rent,죽동천년나무5단지
jukdong-cheonnyeonnamu,죽동천년나무아파트,월세,59.89,14,3955,55,2023-10-24,202310,2026-08-30,molit_rent,죽동천년나무5단지
jukdong-cheonnyeonnamu,죽동천년나무아파트,월세,59.89,5,3955,55,2023-10-24,202310,2026-08-30,molit_rent,죽동천년나무5단지
jukdong-cheonnyeonnamu,죽동천년나무아파트,월세,59.94,7,3921,55,2023-10-24,202310,2026-08-30,molit_rent,죽동천년나무5단지
jukdong-cheonnyeonnamu,죽동천년나무아파트,월세,59.98,9,3965,55,2023-10-24,202310,2026-08-30,molit_rent,죽동천년나무5단지
jukdong-cheonnyeonnamu,죽동천년나무아파트,월세,59.89,8,3955,55,2023-10-24,202310,2026-08-30,molit_rent,죽동천년나무5단지
jukdong-cheonnyeonnamu,죽동천년나무아파트,월세,51.98,2,3012,49,2023-10-24,202310,2026-08-30,molit_rent,죽동천년나무5단지
jukdong-cheonnyeonnamu,죽동천년나무아파트,월세,51.98,6,3012,49,2023-10-24,202310,2026-08-30,molit_rent,죽동천년나무5단지
jukdong-cheonnyeonnamu,죽동천년나무아파트,월세,59.89,18,3955,55,2023-10-24,202310,2026-08-30,molit_rent,죽동천년나무5단지
jukdong-cheonnyeonnamu,죽동천년나무아파트,월세,59.89,9,3955,55,2023-10-24,202310,2026-08-30,molit_rent,죽동천년나무5단지
jukdong-cheonnyeonnamu,죽동천년나무아파트,월세,59.89,7,3955,55,2023-10-24,202310,2026-08-30,molit_rent,죽동천년나무5단지
jukdong-cheonnyeonnamu,죽동천년나무아파트,월세,59.98,17,3965,55,2023-10-25,202310,2026-08-30,molit_rent,죽동천년나무5단지
jukdong-cheonnyeonnamu,죽동천년나무아파트,월세,59.89,15,3955,55,2023-10-25,202310,2026-08-30,molit_rent,죽동천년나무5단지
jukdong-cheonnyeonnamu,죽동천년나무아파트,월세,59.89,6,3955,55,2023-10-25,202310,2026-08-30,molit_rent,죽동천년나무5단지
jukdong-cheonnyeonnamu,죽동천년나무아파트,월세,59.89,9,3955,55,2023-10-25,202310,2026-08-30,molit_rent,죽동천년나무5단지
jukdong-cheonnyeonnamu,죽동천년나무아파트,월세,59.89,1,3955,55,2023-10-26,202310,2026-08-30,molit_rent,죽동천년나무5단지
jukdong-cheonnyeonnamu,죽동천년나무아파트,월세,59.89,13,3955,55,2023-10-26,202310,2026-08-30,molit_rent,죽동천년나무5단지
jukdong-cheonnyeonnamu,죽동천년나무아파트,월세,51.98,10,3012,49,2023-10-26,202310,2026-08-30,molit_rent,죽동천년나무5단지
jukdong-cheonnyeonnamu,죽동천년나무아파트,월세,59.98,2,3965,55,2023-10-26,202310,2026-08-30,molit_rent,죽동천년나무5단지
jukdong-cheonnyeonnamu,죽동천년나무아파트,월세,59.89,8,10455,23,2023-11-02,202311,2026-08-30,molit_rent,죽동천년나무5단지
jukdong-cheonnyeonnamu,죽동천년나무아파트,월세,51.98,15,8812,20,2023-11-03,202311,2026-08-30,molit_rent,죽동천년나무5단지
jukdong-cheonnyeonnamu,죽동천년나무아파트,월세,59.98,6,10465,23,2023-11-17,202311,2026-08-30,molit_rent,죽동천년나무5단지
jukdong-cheonnyeonnamu,죽동천년나무아파트,월세,59.98,7,5000,50,2023-11-20,202311,2026-08-30,molit_rent,죽동천년나무5단지
jukdong-cheonnyeonnamu,죽동천년나무아파트,월세,59.89,9,10455,23,2023-11-21,202311,2026-08-30,molit_rent,죽동천년나무5단지
jukdong-cheonnyeonnamu,죽동천년나무아파트,월세,59.89,11,10455,23,2023-11-24,202311,2026-08-30,molit_rent,죽동천년나무5단지
jukdong-cheonnyeonnamu,죽동천년나무아파트,월세,51.98,3,8812,20,2023-11-27,202311,2026-08-30,molit_rent,죽동천년나무5단지
jukdong-cheonnyeonnamu,죽동천년나무아파트,월세,59.98,6,10565,22,2023-11-28,202311,2026-08-30,molit_rent,죽동천년나무5단지
jukdong-cheonnyeonnamu,죽동천년나무아파트,월세,59.89,8,10555,22,2023-11-29,202311,2026-08-30,molit_rent,죽동천년나무5단지
jukdong-cheonnyeonnamu,죽동천년나무아파트,월세,59.98,10,10465,23,2023-11-30,202311,2026-08-30,molit_rent,죽동천년나무5단지
jukdong-cheonnyeonnamu,죽동천년나무아파트,월세,59.89,10,10555,22,2023-12-08,202312,2026-08-30,molit_rent,죽동천년나무5단지
jukdong-cheonnyeonnamu,죽동천년나무아파트,월세,59.89,1,3000,90,2023-12-09,202312,2026-08-30,molit_rent,죽동천년나무5단지
jukdong-cheonnyeonnamu,죽동천년나무아파트,월세,59.94,17,5000,100,2023-12-15,202312,2026-08-30,molit_rent,죽동천년나무5단지
jukdong-cheonnyeonnamu,죽동천년나무아파트,월세,59.94,7,10421,22,2023-12-15,202312,2026-08-30,molit_rent,죽동천년나무5단지
jukdong-cheonnyeonnamu,죽동천년나무아파트,월세,59.89,6,10455,23,2023-12-15,202312,2026-08-30,molit_rent,죽동천년나무5단지
jukdong-cheonnyeonnamu,죽동천년나무아파트,월세,59.98,5,10565,22,2023-12-18,202312,2026-08-30,molit_rent,죽동천년나무5단지
jukdong-cheonnyeonnamu,죽동천년나무아파트,월세,59.98,8,3965,55,2023-12-19,202312,2026-08-30,molit_rent,죽동천년나무5단지
jukdong-cheonnyeonnamu,죽동천년나무아파트,월세,59.98,15,10565,22,2023-12-20,202312,2026-08-30,molit_rent,죽동천년나무5단지
jukdong-cheonnyeonnamu,죽동천년나무아파트,월세,59.94,9,11521,23,2023-12-20,202312,2026-08-30,molit_rent,죽동천년나무5단지
jukdong-cheonnyeonnamu,죽동천년나무아파트,월세,59.89,13,10455,23,2023-12-21,202312,2026-08-30,molit_rent,죽동천년나무5단지
jukdong-cheonnyeonnamu,죽동천년나무아파트,전세,59.89,10,31000,0,2023-12-22,202312,2026-08-30,molit_rent,죽동천년나무5단지
jukdong-cheonnyeonnamu,죽동천년나무아파트,월세,59.94,15,7621,39,2023-12-27,202312,2026-08-30,molit_rent,죽동천년나무5단지
jukdong-cheonnyeonnamu,죽동천년나무아파트,월세,59.98,11,10565,22,2024-01-08,202401,2026-08-30,molit_rent,죽동천년나무5단지
jukdong-cheonnyeonnamu,죽동천년나무아파트,월세,59.94,15,7921,37,2024-01-17,202401,2026-08-30,molit_rent,죽동천년나무5단지
jukdong-cheonnyeonnamu,죽동천년나무아파트,월세,59.89,4,10555,22,2024-01-31,202401,2026-08-30,molit_rent,죽동천년나무5단지
jukdong-cheonnyeonnamu,죽동천년나무아파트,월세,59.94,15,8021,37,2024-02-06,202402,2026-08-30,molit_rent,죽동천년나무5단지
jukdong-cheonnyeonnamu,죽동천년나무아파트,월세,59.94,15,8321,35,2024-02-16,202402,2026-08-30,molit_rent,죽동천년나무5단지
jukdong-cheonnyeonnamu,죽동천년나무아파트,월세,51.98,12,3012,49,2024-02-21,202402,2026-08-30,molit_rent,죽동천년나무5단지
jukdong-cheonnyeonnamu,죽동천년나무아파트,월세,59.89,2,3955,55,2024-02-21,202402,2026-08-30,molit_rent,죽동천년나무5단지
jukdong-cheonnyeonnamu,죽동천년나무아파트,월세,59.89,6,3955,55,2024-02-21,202402,2026-08-30,molit_rent,죽동천년나무5단지
jukdong-cheonnyeonnamu,죽동천년나무아파트,월세,59.94,11,3921,55,2024-02-21,202402,2026-08-30,molit_rent,죽동천년나무5단지
jukdong-cheonnyeonnamu,죽동천년나무아파트,월세,59.98,15,3965,55,2024-02-21,202402,2026-08-30,molit_rent,죽동천년나무5단지
jukdong-cheonnyeonnamu,죽동천년나무아파트,월세,59.94,5,3000,85,2024-02-23,202402,2026-08-30,molit_rent,죽동천년나무5단지
jukdong-cheonnyeonnamu,죽동천년나무아파트,월세,51.98,2,3012,49,2024-02-23,202402,2026-08-30,molit_rent,죽동천년나무5단지
jukdong-cheonnyeonnamu,죽동천년나무아파트,월세,59.89,8,10000,40,2024-02-24,202402,2026-08-30,molit_rent,죽동천년나무5단지
jukdong-cheonnyeonnamu,죽동천년나무아파트,월세,59.98,16,2000,100,2024-02-26,202402,2026-08-30,molit_rent,죽동천년나무5단지
jukdong-cheonnyeonnamu,죽동천년나무아파트,월세,59.89,2,10555,22,2024-03-18,202403,2026-08-30,molit_rent,죽동천년나무5단지
jukdong-cheonnyeonnamu,죽동천년나무아파트,월세,59.94,11,10421,22,2024-03-28,202403,2026-08-30,molit_rent,죽동천년나무5단지
jukdong-cheonnyeonnamu,죽동천년나무아파트,월세,59.94,15,8521,34,2024-04-01,202404,2026-08-30,molit_rent,죽동천년나무5단지
jukdong-cheonnyeonnamu,죽동천년나무아파트,월세,59.95,3,3000,90,2024-04-03,202404,2026-08-30,molit_rent,죽동천년나무5단지
jukdong-cheonnyeonnamu,죽동천년나무아파트,월세,51.98,7,8812,20,2024-04-24,202404,2026-08-30,molit_rent,죽동천년나무5단지
jukdong-cheonnyeonnamu,죽동천년나무아파트,월세,59.98,15,15000,40,2024-06-01,202406,2026-08-30,molit_rent,죽동천년나무5단지
jukdong-cheonnyeonnamu,죽동천년나무아파트,월세,59.98,16,11551,27,2024-06-05,202406,2026-08-30,molit_rent,죽동천년나무5단지
jukdong-cheonnyeonnamu,죽동천년나무아파트,월세,59.95,18,4108,57,2024-06-14,202406,2026-08-30,molit_rent,죽동천년나무5단지
jukdong-cheonnyeonnamu,죽동천년나무아파트,매매,59.89,2,34350,0,2024-06-16,202406,2026-08-30,molit_trade,죽동천년나무5단지
jukdong-cheonnyeonnamu,죽동천년나무아파트,월세,51.98,1,9053,22,2024-06-21,202406,2026-08-30,molit_rent,죽동천년나무5단지
jukdong-cheonnyeonnamu,죽동천년나무아파트,월세,59.94,15,9005,35,2024-06-25,202406,2026-08-30,molit_rent,죽동천년나무5단지
jukdong-cheonnyeonnamu,죽동천년나무아파트,월세,59.98,6,7751,40,2024-06-26,202406,2026-08-30,molit_rent,죽동천년나무5단지
jukdong-cheonnyeonnamu,죽동천년나무아파트,월세,59.95,6,4108,57,2024-07-02,202407,2026-08-30,molit_rent,죽동천년나무5단지
jukdong-cheonnyeonnamu,죽동천년나무아파트,월세,59.98,3,10551,26,2024-07-03,202407,2026-08-30,molit_rent,죽동천년나무5단지
jukdong-cheonnyeonnamu,죽동천년나무아파트,월세,59.98,8,7751,40,2024-07-05,202407,2026-08-30,molit_rent,죽동천년나무5단지
jukdong-cheonnyeonnamu,죽동천년나무아파트,월세,51.98,9,5953,37,2024-07-10,202407,2026-08-30,molit_rent,죽동천년나무5단지
jukdong-cheonnyeonnamu,죽동천년나무아파트,월세,59.98,5,10551,26,2024-07-12,202407,2026-08-30,molit_rent,죽동천년나무5단지
jukdong-cheonnyeonnamu,죽동천년나무아파트,월세,59.95,15,11208,28,2024-07-12,202407,2026-08-30,molit_rent,죽동천년나무5단지
jukdong-cheonnyeonnamu,죽동천년나무아파트,월세,59.89,18,10740,25,2024-07-12,202407,2026-08-30,molit_rent,죽동천년나무5단지
jukdong-cheonnyeonnamu,죽동천년나무아파트,월세,59.98,6,11251,25,2024-07-12,202407,2026-08-30,molit_rent,죽동천년나무5단지
jukdong-cheonnyeonnamu,죽동천년나무아파트,매매,59.98,13,40000,0,2024-07-13,202407,2026-08-30,molit_trade,죽동천년나무5단지
jukdong-cheonnyeonnamu,죽동천년나무아파트,매매,51.98,13,40000,0,2024-07-13,202407,2026-08-30,molit_trade,죽동천년나무5단지
jukdong-cheonnyeonnamu,죽동천년나무아파트,월세,59.89,2,10540,26,2024-07-14,202407,2026-08-30,molit_rent,죽동천년나무5단지
jukdong-cheonnyeonnamu,죽동천년나무아파트,월세,59.94,9,7705,39,2024-07-15,202407,2026-08-30,molit_rent,죽동천년나무5단지
jukdong-cheonnyeonnamu,죽동천년나무아파트,월세,59.89,6,9740,31,2024-07-16,202407,2026-08-30,molit_rent,죽동천년나무5단지
jukdong-cheonnyeonnamu,죽동천년나무아파트,월세,59.95,15,10508,25,2024-07-16,202407,2026-08-30,molit_rent,죽동천년나무5단지
jukdong-cheonnyeonnamu,죽동천년나무아파트,매매,59.94,13,39300,0,2024-07-18,202407,2026-08-30,molit_trade,죽동천년나무5단지
jukdong-cheonnyeonnamu,죽동천년나무아파트,월세,59.89,5,7740,40,2024-07-18,202407,2026-08-30,molit_rent,죽동천년나무5단지
jukdong-cheonnyeonnamu,죽동천년나무아파트,월세,59.94,14,11205,25,2024-07-22,202407,2026-08-30,molit_rent,죽동천년나무5단지
jukdong-cheonnyeonnamu,죽동천년나무아파트,월세,59.98,14,7751,40,2024-07-25,202407,2026-08-30,molit_rent,죽동천년나무5단지
jukdong-cheonnyeonnamu,죽동천년나무아파트,월세,59.98,3,10751,25,2024-07-26,202407,2026-08-30,molit_rent,죽동천년나무5단지
jukdong-cheonnyeonnamu,죽동천년나무아파트,월세,59.98,8,4151,58,2024-07-26,202407,2026-08-30,molit_rent,죽동천년나무5단지
jukdong-cheonnyeonnamu,죽동천년나무아파트,월세,59.89,10,7740,40,2024-07-30,202407,2026-08-30,molit_rent,죽동천년나무5단지
jukdong-cheonnyeonnamu,죽동천년나무아파트,월세,59.89,19,4140,58,2024-07-31,202407,2026-08-30,molit_rent,죽동천년나무5단지
jukdong-cheonnyeonnamu,죽동천년나무아파트,월세,51.98,6,6153,39,2024-08-19,202408,2026-08-30,molit_rent,죽동천년나무5단지
jukdong-cheonnyeonnamu,죽동천년나무아파트,월세,51.98,9,5453,40,2024-08-20,202408,2026-08-30,molit_rent,죽동천년나무5단지
jukdong-cheonnyeonnamu,죽동천년나무아파트,월세,59.98,3,11151,29,2024-08-28,202408,2026-08-30,molit_rent,죽동천년나무5단지
jukdong-cheonnyeonnamu,죽동천년나무아파트,월세,59.94,9,12005,25,2024-08-29,202408,2026-08-30,molit_rent,죽동천년나무5단지
jukdong-cheonnyeonnamu,죽동천년나무아파트,월세,51.98,1,5163,41,2024-09-03,202409,2026-08-30,molit_rent,죽동천년나무5단지
jukdong-cheonnyeonnamu,죽동천년나무아파트,월세,51.98,1,3153,51,2024-09-03,202409,2026-08-30,molit_rent,죽동천년나무5단지
jukdong-cheonnyeonnamu,죽동천년나무아파트,월세,51.98,13,3153,51,2024-09-03,202409,2026-08-30,molit_rent,죽동천년나무5단지
jukdong-cheonnyeonnamu,죽동천년나무아파트,월세,51.98,2,3153,51,2024-09-03,202409,2026-08-30,molit_rent,죽동천년나무5단지
jukdong-cheonnyeonnamu,죽동천년나무아파트,월세,59.95,21,4108,57,2024-09-03,202409,2026-08-30,molit_rent,죽동천년나무5단지
jukdong-cheonnyeonnamu,죽동천년나무아파트,월세,59.89,4,4140,58,2024-09-03,202409,2026-08-30,molit_rent,죽동천년나무5단지
jukdong-cheonnyeonnamu,죽동천년나무아파트,월세,59.98,10,4151,58,2024-09-03,202409,2026-08-30,molit_rent,죽동천년나무5단지
jukdong-cheonnyeonnamu,죽동천년나무아파트,월세,59.98,12,4151,58,2024-09-03,202409,2026-08-30,molit_rent,죽동천년나무5단지
jukdong-cheonnyeonnamu,죽동천년나무아파트,월세,59.95,18,4108,57,2024-09-03,202409,2026-08-30,molit_rent,죽동천년나무5단지
jukdong-cheonnyeonnamu,죽동천년나무아파트,월세,59.94,15,11305,24,2024-09-04,202409,2026-08-30,molit_rent,죽동천년나무5단지
jukdong-cheonnyeonnamu,죽동천년나무아파트,월세,59.89,8,4140,58,2024-09-04,202409,2026-08-30,molit_rent,죽동천년나무5단지
jukdong-cheonnyeonnamu,죽동천년나무아파트,월세,59.98,13,4151,58,2024-09-04,202409,2026-08-30,molit_rent,죽동천년나무5단지
jukdong-cheonnyeonnamu,죽동천년나무아파트,월세,51.98,4,3153,51,2024-09-04,202409,2026-08-30,molit_rent,죽동천년나무5단지
jukdong-cheonnyeonnamu,죽동천년나무아파트,월세,59.98,10,11051,23,2024-09-11,202409,2026-08-30,molit_rent,죽동천년나무5단지
jukdong-cheonnyeonnamu,죽동천년나무아파트,월세,59.94,14,5000,100,2024-09-14,202409,2026-08-30,molit_rent,죽동천년나무5단지
jukdong-cheonnyeonnamu,죽동천년나무아파트,월세,51.98,2,7471,30,2024-09-27,202409,2026-08-30,molit_rent,죽동천년나무5단지
jukdong-cheonnyeonnamu,죽동천년나무아파트,월세,59.98,12,11051,23,2024-10-02,202410,2026-08-30,molit_rent,죽동천년나무5단지
jukdong-cheonnyeonnamu,죽동천년나무아파트,월세,59.89,4,11040,23,2024-10-14,202410,2026-08-30,molit_rent,죽동천년나무5단지
jukdong-cheonnyeonnamu,죽동천년나무아파트,전세,59.98,6,30000,0,2024-10-23,202410,2026-08-30,molit_rent,죽동천년나무5단지
jukdong-cheonnyeonnamu,죽동천년나무아파트,월세,59.98,17,4151,58,2024-11-07,202411,2026-08-30,molit_rent,죽동천년나무5단지
jukdong-cheonnyeonnamu,죽동천년나무아파트,월세,59.98,13,4151,58,2024-11-07,202411,2026-08-30,molit_rent,죽동천년나무5단지
jukdong-cheonnyeonnamu,죽동천년나무아파트,월세,59.95,21,4108,57,2024-11-07,202411,2026-08-30,molit_rent,죽동천년나무5단지
jukdong-cheonnyeonnamu,죽동천년나무아파트,월세,59.89,9,4140,58,2024-11-07,202411,2026-08-30,molit_rent,죽동천년나무5단지
jukdong-cheonnyeonnamu,죽동천년나무아파트,월세,59.98,9,4151,58,2024-11-07,202411,2026-08-30,molit_rent,죽동천년나무5단지
jukdong-cheonnyeonnamu,죽동천년나무아파트,월세,59.89,16,4140,58,2024-11-08,202411,2026-08-30,molit_rent,죽동천년나무5단지
jukdong-cheonnyeonnamu,죽동천년나무아파트,월세,51.98,5,8853,23,2024-12-12,202412,2026-08-30,molit_rent,죽동천년나무5단지
jukdong-cheonnyeonnamu,죽동천년나무아파트,월세,59.98,9,11051,23,2024-12-18,202412,2026-08-30,molit_rent,죽동천년나무5단지
jukdong-cheonnyeonnamu,죽동천년나무아파트,월세,59.98,13,11051,23,2024-12-24,202412,2026-08-30,molit_rent,죽동천년나무5단지
jukdong-cheonnyeonnamu,죽동천년나무아파트,전세,59.98,20,28000,0,2024-12-27,202412,2026-08-30,molit_rent,죽동천년나무5단지
jukdong-cheonnyeonnamu,죽동천년나무아파트,월세,59.98,16,2000,100,2025-01-07,202501,2026-08-30,molit_rent,죽동천년나무5단지
jukdong-cheonnyeonnamu,죽동천년나무아파트,월세,59.89,16,7855,39,2025-01-24,202501,2026-08-30,molit_rent,죽동천년나무5단지
jukdong-cheonnyeonnamu,죽동천년나무아파트,월세,51.98,14,5953,37,2025-02-13,202502,2026-08-30,molit_rent,죽동천년나무5단지
jukdong-cheonnyeonnamu,죽동천년나무아파트,전세,59.95,10,30000,0,2025-02-15,202502,2026-08-30,molit_rent,죽동천년나무5단지
jukdong-cheonnyeonnamu,죽동천년나무아파트,월세,59.98,21,3000,120,2025-02-26,202502,2026-08-30,molit_rent,죽동천년나무5단지
jukdong-cheonnyeonnamu,죽동천년나무아파트,월세,59.89,16,8040,41,2025-03-13,202503,2026-08-30,molit_rent,죽동천년나무5단지
jukdong-cheonnyeonnamu,죽동천년나무아파트,월세,59.89,11,4140,58,2025-04-21,202504,2026-08-30,molit_rent,죽동천년나무5단지
jukdong-cheonnyeonnamu,죽동천년나무아파트,월세,59.95,6,4108,57,2025-04-21,202504,2026-08-30,molit_rent,죽동천년나무5단지
jukdong-cheonnyeonnamu,죽동천년나무아파트,월세,59.89,2,4140,58,2025-04-21,202504,2026-08-30,molit_rent,죽동천년나무5단지
jukdong-cheonnyeonnamu,죽동천년나무아파트,월세,51.98,8,3153,51,2025-04-21,202504,2026-08-30,molit_rent,죽동천년나무5단지
jukdong-cheonnyeonnamu,죽동천년나무아파트,월세,51.98,10,3153,51,2025-04-22,202504,2026-08-30,molit_rent,죽동천년나무5단지
jukdong-cheonnyeonnamu,죽동천년나무아파트,월세,59.98,7,4000,100,2025-05-01,202505,2026-08-30,molit_rent,죽동천년나무5단지
jukdong-cheonnyeonnamu,죽동천년나무아파트,월세,59.89,11,11040,23,2025-05-08,202505,2026-08-30,molit_rent,죽동천년나무5단지
jukdong-cheonnyeonnamu,죽동천년나무아파트,월세,59.89,2,11040,23,2025-05-12,202505,2026-08-30,molit_rent,죽동천년나무5단지
jukdong-cheonnyeonnamu,죽동천년나무아파트,월세,51.98,8,9253,21,2025-05-22,202505,2026-08-30,molit_rent,죽동천년나무5단지
jukdong-cheonnyeonnamu,죽동천년나무아파트,월세,59.98,10,4151,58,2025-05-27,202505,2026-08-30,molit_rent,죽동천년나무5단지
jukdong-cheonnyeonnamu,죽동천년나무아파트,월세,59.98,2,4151,58,2025-05-27,202505,2026-08-30,molit_rent,죽동천년나무5단지
jukdong-cheonnyeonnamu,죽동천년나무아파트,월세,51.98,8,3153,51,2025-05-27,202505,2026-08-30,molit_rent,죽동천년나무5단지
jukdong-cheonnyeonnamu,죽동천년나무아파트,월세,59.89,12,4140,58,2025-05-27,202505,2026-08-30,molit_rent,죽동천년나무5단지
jukdong-cheonnyeonnamu,죽동천년나무아파트,월세,59.98,7,4151,58,2025-05-27,202505,2026-08-30,molit_rent,죽동천년나무5단지
jukdong-cheonnyeonnamu,죽동천년나무아파트,월세,51.98,13,3153,51,2025-05-28,202505,2026-08-30,molit_rent,죽동천년나무5단지
jukdong-cheonnyeonnamu,죽동천년나무아파트,월세,59.89,9,4140,58,2025-05-28,202505,2026-08-30,molit_rent,죽동천년나무5단지
jukdong-cheonnyeonnamu,죽동천년나무아파트,월세,59.95,8,4108,57,2025-05-28,202505,2026-08-30,molit_rent,죽동천년나무5단지
jukdong-cheonnyeonnamu,죽동천년나무아파트,전세,59.98,8,29000,0,2025-06-12,202506,2026-08-30,molit_rent,죽동천년나무5단지
jukdong-cheonnyeonnamu,죽동천년나무아파트,전세,59.98,20,28000,0,2025-06-14,202506,2026-08-30,molit_rent,죽동천년나무5단지
jukdong-cheonnyeonnamu,죽동천년나무아파트,월세,59.89,12,11040,23,2025-06-25,202506,2026-08-30,molit_rent,죽동천년나무5단지
jukdong-cheonnyeonnamu,죽동천년나무아파트,매매,59.98,8,37800,0,2025-06-27,202506,2026-08-30,molit_trade,죽동천년나무5단지
jukdong-cheonnyeonnamu,죽동천년나무아파트,월세,59.98,7,11051,23,2025-06-27,202506,2026-08-30,molit_rent,죽동천년나무5단지
jukdong-cheonnyeonnamu,죽동천년나무아파트,월세,59.95,8,10908,23,2025-06-30,202506,2026-08-30,molit_rent,죽동천년나무5단지
jukdong-cheonnyeonnamu,죽동천년나무아파트,월세,59.94,5,1000,140,2025-07-07,202507,2026-08-30,molit_rent,죽동천년나무5단지
jukdong-cheonnyeonnamu,죽동천년나무아파트,월세,51.98,11,1000,90,2025-07-09,202507,2026-08-30,molit_rent,죽동천년나무5단지
jukdong-cheonnyeonnamu,죽동천년나무아파트,월세,59.89,9,11040,23,2025-07-14,202507,2026-08-30,molit_rent,죽동천년나무5단지
jukdong-cheonnyeonnamu,죽동천년나무아파트,월세,59.89,7,4000,100,2025-07-19,202507,2026-08-30,molit_rent,죽동천년나무5단지
jukdong-cheonnyeonnamu,죽동천년나무아파트,월세,59.98,10,4151,58,2025-07-24,202507,2026-08-30,molit_rent,죽동천년나무5단지
jukdong-cheonnyeonnamu,죽동천년나무아파트,매매,59.95,12,35500,0,2025-07-29,202507,2026-08-30,molit_trade,죽동천년나무5단지
jukdong-cheonnyeonnamu,죽동천년나무아파트,전세,59.89,10,29000,0,2025-07-29,202507,2026-08-30,molit_rent,죽동천년나무5단지
jukdong-cheonnyeonnamu,죽동천년나무아파트,전세,59.95,5,28000,0,2025-08-11,202508,2026-08-30,molit_rent,죽동천년나무5단지
jukdong-cheonnyeonnamu,죽동천년나무아파트,월세,59.94,14,5000,100,2025-08-30,202508,2026-08-30,molit_rent,죽동천년나무5단지
jukdong-cheonnyeonnamu,죽동천년나무아파트,월세,59.98,17,10000,60,2025-09-21,202509,2026-08-30,molit_rent,죽동천년나무5단지
jukdong-cheonnyeonnamu,죽동천년나무아파트,전세,59.94,10,27000,0,2025-10-01,202510,2026-08-30,molit_rent,죽동천년나무5단지
jukdong-cheonnyeonnamu,죽동천년나무아파트,월세,59.89,6,3000,100,2025-10-02,202510,2026-08-30,molit_rent,죽동천년나무5단지
jukdong-cheonnyeonnamu,죽동천년나무아파트,월세,59.95,20,3000,110,2025-10-17,202510,2026-08-30,molit_rent,죽동천년나무5단지
jukdong-cheonnyeonnamu,죽동천년나무아파트,월세,59.89,1,10740,25,2025-10-22,202510,2026-08-30,molit_rent,죽동천년나무5단지
jukdong-cheonnyeonnamu,죽동천년나무아파트,월세,59.89,11,10640,25,2025-10-23,202510,2026-08-30,molit_rent,죽동천년나무5단지
jukdong-cheonnyeonnamu,죽동천년나무아파트,월세,59.98,17,10000,60,2025-10-25,202510,2026-08-30,molit_rent,죽동천년나무5단지
jukdong-cheonnyeonnamu,죽동천년나무아파트,월세,59.89,5,4140,58,2025-10-31,202510,2026-08-30,molit_rent,죽동천년나무5단지
jukdong-cheonnyeonnamu,죽동천년나무아파트,월세,51.98,3,8953,22,2025-11-06,202511,2026-08-30,molit_rent,죽동천년나무5단지
jukdong-cheonnyeonnamu,죽동천년나무아파트,월세,59.89,10,10740,25,2025-11-10,202511,2026-08-30,molit_rent,죽동천년나무5단지
jukdong-cheonnyeonnamu,죽동천년나무아파트,월세,59.98,16,10751,25,2025-11-10,202511,2026-08-30,molit_rent,죽동천년나무5단지
jukdong-cheonnyeonnamu,죽동천년나무아파트,월세,59.98,7,16000,50,2025-11-20,202511,2026-08-30,molit_rent,죽동천년나무5단지
jukdong-cheonnyeonnamu,죽동천년나무아파트,월세,59.89,6,10740,25,2025-11-24,202511,2026-08-30,molit_rent,죽동천년나무5단지
jukdong-cheonnyeonnamu,죽동천년나무아파트,월세,59.89,18,6140,48,2025-11-27,202511,2026-08-30,molit_rent,죽동천년나무5단지
jukdong-cheonnyeonnamu,죽동천년나무아파트,월세,59.98,15,10751,25,2025-11-27,202511,2026-08-30,molit_rent,죽동천년나무5단지
jukdong-cheonnyeonnamu,죽동천년나무아파트,월세,59.98,8,10751,25,2025-11-27,202511,2026-08-30,molit_rent,죽동천년나무5단지
jukdong-cheonnyeonnamu,죽동천년나무아파트,월세,59.98,5,10751,25,2025-11-28,202511,2026-08-30,molit_rent,죽동천년나무5단지
jukdong-cheonnyeonnamu,죽동천년나무아파트,월세,59.94,16,10605,25,2025-11-28,202511,2026-08-30,molit_rent,죽동천년나무5단지
jukdong-cheonnyeonnamu,죽동천년나무아파트,전세,59.89,3,29000,0,2025-12-04,202512,2026-08-30,molit_rent,죽동천년나무5단지
jukdong-cheonnyeonnamu,죽동천년나무아파트,전세,59.98,12,27000,0,2025-12-13,202512,2026-08-30,molit_rent,죽동천년나무5단지
jukdong-cheonnyeonnamu,죽동천년나무아파트,월세,59.98,9,10651,25,2025-12-24,202512,2026-08-30,molit_rent,죽동천년나무5단지
jukdong-cheonnyeonnamu,죽동천년나무아파트,월세,59.89,4,4000,38,2025-12-31,202512,2026-08-30,molit_rent,죽동천년나무5단지
jukdong-cheonnyeonnamu,죽동천년나무아파트,매매,59.95,4,25000,0,2026-01-02,202601,2026-08-30,molit_trade,죽동천년나무5단지
jukdong-cheonnyeonnamu,죽동천년나무아파트,월세,59.94,9,11705,26,2026-01-09,202601,2026-08-30,molit_rent,죽동천년나무5단지
jukdong-cheonnyeonnamu,죽동천년나무아파트,매매,59.95,4,27000,0,2026-01-15,202601,2026-08-30,molit_trade,죽동천년나무5단지
jukdong-cheonnyeonnamu,죽동천년나무아파트,전세,51.98,14,27000,0,2026-01-24,202601,2026-08-30,molit_rent,죽동천년나무5단지
jukdong-cheonnyeonnamu,죽동천년나무아파트,전세,59.95,5,28000,0,2026-02-03,202602,2026-08-30,molit_rent,죽동천년나무5단지
jukdong-cheonnyeonnamu,죽동천년나무아파트,매매,59.98,14,37500,0,2026-02-09,202602,2026-08-30,molit_trade,죽동천년나무5단지
jukdong-cheonnyeonnamu,죽동천년나무아파트,월세,59.94,17,5000,110,2026-02-19,202602,2026-08-30,molit_rent,죽동천년나무5단지
jukdong-cheonnyeonnamu,죽동천년나무아파트,매매,59.94,10,36500,0,2026-02-21,202602,2026-08-30,molit_trade,죽동천년나무5단지
jukdong-cheonnyeonnamu,죽동천년나무아파트,월세,59.89,2,10740,25,2026-03-10,202603,2026-08-30,molit_rent,죽동천년나무5단지
jukdong-cheonnyeonnamu,죽동천년나무아파트,월세,59.98,15,3000,80,2026-03-12,202603,2026-08-30,molit_rent,죽동천년나무5단지
jukdong-cheonnyeonnamu,죽동천년나무아파트,월세,59.98,17,12000,50,2026-03-30,202603,2026-08-30,molit_rent,죽동천년나무5단지
jukdong-cheonnyeonnamu,죽동천년나무아파트,전세,59.89,13,29000,0,2026-04-04,202604,2026-08-30,molit_rent,죽동천년나무5단지
jukdong-cheonnyeonnamu,죽동천년나무아파트,월세,51.98,12,3153,51,2026-04-15,202604,2026-08-30,molit_rent,죽동천년나무5단지
jukdong-cheonnyeonnamu,죽동천년나무아파트,전세,59.89,11,27000,0,2026-04-19,202604,2026-08-30,molit_rent,죽동천년나무5단지
jukdong-cheonnyeonnamu,죽동천년나무아파트,매매,59.94,13,39000,0,2026-04-24,202604,2026-08-30,molit_trade,죽동천년나무5단지
jukdong-cheonnyeonnamu,죽동천년나무아파트,전세,59.94,11,30000,0,2026-06-11,202606,2026-08-30,molit_rent,죽동천년나무5단지
jukdong-cheonnyeonnamu,죽동천년나무아파트,매매,59.98,15,35900,0,2026-07-14,202607,2026-08-30,molit_trade,죽동천년나무5단지
jukdong-cheonnyeonnamu,죽동천년나무아파트,매매,51.98,14,32450,0,2026-08-07,202608,2026-08-30,molit_trade,죽동천년나무5단지
jukdong-cheonnyeonnamu,죽동천년나무아파트,월세,59.89,6,3000,100,2026-08-11,202608,2026-08-30,molit_rent,죽동천년나무5단지
jukdong-cheonnyeonnamu,죽동천년나무아파트,전세,59.89,4,26000,0,2026-08-11,202608,2026-08-30,molit_rent,죽동천년나무5단지
jukdong-cheonnyeonnamu,죽동천년나무아파트,매매,59.89,11,35500,0,2026-08-14,202608,2026-08-30,molit_trade,죽동천년나무5단지
jukdong-cheonnyeonnamu,죽동천년나무아파트,매매,59.94,12,35600,0,2026-08-19,202608,2026-08-30,molit_trade,죽동천년나무5단지
yemiji,예미지,매매,84.9553,22,87200,0,2021-09-02,202109,2026-08-30,molit_trade,죽동금성백조예미지
yemiji,예미지,전세,101.4175,5,43000,0,2021-09-04,202109,2026-08-30,molit_rent,죽동금성백조예미지
yemiji,예미지,매매,84.9553,4,83500,0,2021-09-08,202109,2026-08-30,molit_trade,죽동금성백조예미지
yemiji,예미지,매매,84.9553,26,90000,0,2021-09-09,202109,2026-08-30,molit_trade,죽동금성백조예미지
yemiji,예미지,매매,74.9973,12,74500,0,2021-09-11,202109,2026-08-30,molit_trade,죽동금성백조예미지
yemiji,예미지,월세,84.9553,11,5000,130,2021-09-23,202109,2026-08-30,molit_rent,죽동금성백조예미지
yemiji,예미지,월세,84.9553,9,30000,50,2021-09-24,202109,2026-08-30,molit_rent,죽동금성백조예미지
yemiji,예미지,매매,84.9553,12,84700,0,2021-10-04,202110,2026-08-30,molit_trade,죽동금성백조예미지
yemiji,예미지,전세,84.9553,11,35000,0,2021-10-04,202110,2026-08-30,molit_rent,죽동금성백조예미지
yemiji,예미지,월세,84.9553,5,15000,140,2021-11-02,202111,2026-08-30,molit_rent,죽동금성백조예미지
yemiji,예미지,월세,84.9553,7,30000,100,2021-11-05,202111,2026-08-30,molit_rent,죽동금성백조예미지
yemiji,예미지,전세,101.4175,27,64000,0,2021-11-12,202111,2026-08-30,molit_rent,죽동금성백조예미지
yemiji,예미지,월세,101.4175,21,15000,115,2021-11-15,202111,2026-08-30,molit_rent,죽동금성백조예미지
yemiji,예미지,전세,84.9553,23,50000,0,2021-11-15,202111,2026-08-30,molit_rent,죽동금성백조예미지
yemiji,예미지,매매,84.9553,11,81000,0,2021-11-17,202111,2026-08-30,molit_trade,죽동금성백조예미지
yemiji,예미지,전세,84.9553,16,55000,0,2021-11-20,202111,2026-08-30,molit_rent,죽동금성백조예미지
yemiji,예미지,전세,84.9553,30,48000,0,2021-11-23,202111,2026-08-30,molit_rent,죽동금성백조예미지
yemiji,예미지,전세,74.9973,1,40000,0,2021-11-25,202111,2026-08-30,molit_rent,죽동금성백조예미지
yemiji,예미지,전세,84.9553,12,55000,0,2021-12-01,202112,2026-08-30,molit_rent,죽동금성백조예미지
yemiji,예미지,전세,101.4175,5,50000,0,2021-12-01,202112,2026-08-30,molit_rent,죽동금성백조예미지
yemiji,예미지,매매,84.9553,7,76000,0,2021-12-09,202112,2026-08-30,molit_trade,죽동금성백조예미지
yemiji,예미지,월세,84.9553,8,5000,140,2021-12-16,202112,2026-08-30,molit_rent,죽동금성백조예미지
yemiji,예미지,월세,74.9973,7,10000,100,2021-12-17,202112,2026-08-30,molit_rent,죽동금성백조예미지
yemiji,예미지,전세,84.9553,8,43000,0,2021-12-19,202112,2026-08-30,molit_rent,죽동금성백조예미지
yemiji,예미지,월세,101.4175,12,5000,180,2021-12-20,202112,2026-08-30,molit_rent,죽동금성백조예미지
yemiji,예미지,전세,84.9553,1,40000,0,2021-12-24,202112,2026-08-30,molit_rent,죽동금성백조예미지
yemiji,예미지,전세,101.4175,24,41000,0,2021-12-26,202112,2026-08-30,molit_rent,죽동금성백조예미지
yemiji,예미지,전세,74.9973,1,36000,0,2021-12-26,202112,2026-08-30,molit_rent,죽동금성백조예미지
yemiji,예미지,전세,84.9553,2,32000,0,2021-12-27,202112,2026-08-30,molit_rent,죽동금성백조예미지
yemiji,예미지,전세,84.9553,8,40000,0,2021-12-28,202112,2026-08-30,molit_rent,죽동금성백조예미지
yemiji,예미지,전세,84.9553,11,48000,0,2021-12-28,202112,2026-08-30,molit_rent,죽동금성백조예미지
yemiji,예미지,전세,84.9553,7,50000,0,2021-12-31,202112,2026-08-30,molit_rent,죽동금성백조예미지
yemiji,예미지,매매,84.9553,27,70000,0,2022-01-01,202201,2026-08-30,molit_trade,죽동금성백조예미지
yemiji,예미지,전세,84.9553,16,50000,0,2022-01-03,202201,2026-08-30,molit_rent,죽동금성백조예미지
yemiji,예미지,월세,84.9553,24,10000,127,2022-01-03,202201,2026-08-30,molit_rent,죽동금성백조예미지
yemiji,예미지,매매,84.9553,8,73000,0,2022-01-08,202201,2026-08-30,molit_trade,죽동금성백조예미지
yemiji,예미지,전세,84.9553,8,50000,0,2022-01-08,202201,2026-08-30,molit_rent,죽동금성백조예미지
yemiji,예미지,월세,84.9553,9,30000,70,2022-01-11,202201,2026-08-30,molit_rent,죽동금성백조예미지
yemiji,예미지,전세,84.9553,2,40000,0,2022-01-11,202201,2026-08-30,molit_rent,죽동금성백조예미지
yemiji,예미지,전세,84.9553,18,38850,0,2022-01-12,202201,2026-08-30,molit_rent,죽동금성백조예미지
yemiji,예미지,매매,101.4175,18,99000,0,2022-01-13,202201,2026-08-30,molit_trade,죽동금성백조예미지
yemiji,예미지,전세,84.9553,25,48000,0,2022-01-14,202201,2026-08-30,molit_rent,죽동금성백조예미지
yemiji,예미지,전세,74.9973,11,40000,0,2022-01-14,202201,2026-08-30,molit_rent,죽동금성백조예미지
yemiji,예미지,매매,101.4175,1,93000,0,2022-01-15,202201,2026-08-30,molit_trade,죽동금성백조예미지
yemiji,예미지,월세,84.9553,9,5000,120,2022-01-15,202201,2026-08-30,molit_rent,죽동금성백조예미지
yemiji,예미지,전세,84.9553,12,42000,0,2022-01-19,202201,2026-08-30,molit_rent,죽동금성백조예미지
yemiji,예미지,매매,84.9553,6,74500,0,2022-01-22,202201,2026-08-30,molit_trade,죽동금성백조예미지
yemiji,예미지,전세,84.9553,27,50000,0,2022-02-04,202202,2026-08-30,molit_rent,죽동금성백조예미지
yemiji,예미지,전세,101.4175,16,49000,0,2022-02-10,202202,2026-08-30,molit_rent,죽동금성백조예미지
yemiji,예미지,전세,84.9553,7,44000,0,2022-02-10,202202,2026-08-30,molit_rent,죽동금성백조예미지
yemiji,예미지,매매,84.9553,13,70000,0,2022-02-14,202202,2026-08-30,molit_trade,죽동금성백조예미지
yemiji,예미지,매매,84.9553,13,76500,0,2022-02-14,202202,2026-08-30,molit_trade,죽동금성백조예미지
yemiji,예미지,월세,84.9553,17,20000,90,2022-02-18,202202,2026-08-30,molit_rent,죽동금성백조예미지
yemiji,예미지,매매,84.9553,20,67000,0,2022-02-19,202202,2026-08-30,molit_trade,죽동금성백조예미지
yemiji,예미지,전세,84.9553,8,36750,0,2022-02-19,202202,2026-08-30,molit_rent,죽동금성백조예미지
yemiji,예미지,전세,84.9553,3,42000,0,2022-02-20,202202,2026-08-30,molit_rent,죽동금성백조예미지
yemiji,예미지,월세,84.9553,19,5000,140,2022-02-22,202202,2026-08-30,molit_rent,죽동금성백조예미지
yemiji,예미지,전세,84.9553,9,46000,0,2022-02-22,202202,2026-08-30,molit_rent,죽동금성백조예미지
yemiji,예미지,전세,84.9553,24,45000,0,2022-02-23,202202,2026-08-30,molit_rent,죽동금성백조예미지
yemiji,예미지,매매,84.9553,13,70000,0,2022-02-24,202202,2026-08-30,molit_trade,죽동금성백조예미지
yemiji,예미지,매매,84.9553,6,69500,0,2022-02-26,202202,2026-08-30,molit_trade,죽동금성백조예미지
yemiji,예미지,전세,101.4175,4,48000,0,2022-03-03,202203,2026-08-30,molit_rent,죽동금성백조예미지
yemiji,예미지,매매,84.9553,16,73000,0,2022-03-04,202203,2026-08-30,molit_trade,죽동금성백조예미지
yemiji,예미지,매매,84.9553,18,73000,0,2022-03-11,202203,2026-08-30,molit_trade,죽동금성백조예미지
yemiji,예미지,매매,84.9553,9,65000,0,2022-03-13,202203,2026-08-30,molit_trade,죽동금성백조예미지
yemiji,예미지,전세,84.9553,13,39000,0,2022-03-15,202203,2026-08-30,molit_rent,죽동금성백조예미지
yemiji,예미지,전세,101.4175,17,45150,0,2022-03-17,202203,2026-08-30,molit_rent,죽동금성백조예미지
yemiji,예미지,매매,84.9553,5,65000,0,2022-03-20,202203,2026-08-30,molit_trade,죽동금성백조예미지
yemiji,예미지,전세,84.9553,6,52000,0,2022-03-21,202203,2026-08-30,molit_rent,죽동금성백조예미지
yemiji,예미지,전세,84.9553,22,40000,0,2022-04-02,202204,2026-08-30,molit_rent,죽동금성백조예미지
yemiji,예미지,전세,84.9553,22,42000,0,2022-04-02,202204,2026-08-30,molit_rent,죽동금성백조예미지
yemiji,예미지,전세,84.9553,17,44000,0,2022-04-04,202204,2026-08-30,molit_rent,죽동금성백조예미지
yemiji,예미지,전세,84.9553,6,29400,0,2022-04-15,202204,2026-08-30,molit_rent,죽동금성백조예미지
yemiji,예미지,매매,101.4175,13,93000,0,2022-04-19,202204,2026-08-30,molit_trade,죽동금성백조예미지
yemiji,예미지,월세,101.4175,21,10000,130,2022-04-23,202204,2026-08-30,molit_rent,죽동금성백조예미지
yemiji,예미지,매매,84.9553,12,74000,0,2022-04-28,202204,2026-08-30,molit_trade,죽동금성백조예미지
yemiji,예미지,매매,84.9553,1,63000,0,2022-04-30,202204,2026-08-30,molit_trade,죽동금성백조예미지
yemiji,예미지,전세,84.9553,11,35000,0,2022-04-30,202204,2026-08-30,molit_rent,죽동금성백조예미지
yemiji,예미지,전세,84.9553,14,40000,0,2022-04-30,202204,2026-08-30,molit_rent,죽동금성백조예미지
yemiji,예미지,전세,84.9553,1,42000,0,2022-05-01,202205,2026-08-30,molit_rent,죽동금성백조예미지
yemiji,예미지,전세,84.9553,16,35000,0,2022-05-03,202205,2026-08-30,molit_rent,죽동금성백조예미지
yemiji,예미지,월세,101.4175,20,40000,70,2022-05-06,202205,2026-08-30,molit_rent,죽동금성백조예미지
yemiji,예미지,전세,84.9553,18,45000,0,2022-05-11,202205,2026-08-30,molit_rent,죽동금성백조예미지
yemiji,예미지,전세,101.4175,1,45000,0,2022-05-13,202205,2026-08-30,molit_rent,죽동금성백조예미지
yemiji,예미지,전세,84.9553,17,37800,0,2022-05-13,202205,2026-08-30,molit_rent,죽동금성백조예미지
yemiji,예미지,전세,84.9553,15,40000,0,2022-05-14,202205,2026-08-30,molit_rent,죽동금성백조예미지
yemiji,예미지,매매,84.9553,1,60000,0,2022-05-17,202205,2026-08-30,molit_trade,죽동금성백조예미지
yemiji,예미지,전세,84.9553,3,36750,0,2022-05-21,202205,2026-08-30,molit_rent,죽동금성백조예미지
yemiji,예미지,매매,101.4175,17,84000,0,2022-05-24,202205,2026-08-30,molit_trade,죽동금성백조예미지
yemiji,예미지,매매,84.9553,16,77000,0,2022-05-26,202205,2026-08-30,molit_trade,죽동금성백조예미지
yemiji,예미지,전세,84.9553,16,35000,0,2022-05-30,202205,2026-08-30,molit_rent,죽동금성백조예미지
yemiji,예미지,전세,101.4175,17,20000,0,2022-05-30,202205,2026-08-30,molit_rent,죽동금성백조예미지
yemiji,예미지,전세,84.9553,29,39000,0,2022-06-02,202206,2026-08-30,molit_rent,죽동금성백조예미지
yemiji,예미지,매매,84.9553,9,73000,0,2022-06-06,202206,2026-08-30,molit_trade,죽동금성백조예미지
yemiji,예미지,전세,101.4175,14,55000,0,2022-06-10,202206,2026-08-30,molit_rent,죽동금성백조예미지
yemiji,예미지,월세,84.9553,5,5000,120,2022-06-11,202206,2026-08-30,molit_rent,죽동금성백조예미지
yemiji,예미지,전세,84.9553,3,36000,0,2022-06-17,202206,2026-08-30,molit_rent,죽동금성백조예미지
yemiji,예미지,월세,101.4175,15,10000,140,2022-06-17,202206,2026-08-30,molit_rent,죽동금성백조예미지
yemiji,예미지,전세,84.9553,9,40000,0,2022-06-17,202206,2026-08-30,molit_rent,죽동금성백조예미지
yemiji,예미지,월세,84.9553,13,3000,140,2022-06-18,202206,2026-08-30,molit_rent,죽동금성백조예미지
yemiji,예미지,전세,84.9553,21,43000,0,2022-06-20,202206,2026-08-30,molit_rent,죽동금성백조예미지
yemiji,예미지,전세,84.9553,30,39900,0,2022-06-21,202206,2026-08-30,molit_rent,죽동금성백조예미지
yemiji,예미지,전세,84.9553,25,40000,0,2022-06-25,202206,2026-08-30,molit_rent,죽동금성백조예미지
yemiji,예미지,전세,84.9553,10,38000,0,2022-07-02,202207,2026-08-30,molit_rent,죽동금성백조예미지
yemiji,예미지,전세,84.9553,27,41000,0,2022-07-04,202207,2026-08-30,molit_rent,죽동금성백조예미지
yemiji,예미지,전세,101.4175,13,50000,0,2022-07-04,202207,2026-08-30,molit_rent,죽동금성백조예미지
yemiji,예미지,전세,84.9553,20,36750,0,2022-07-04,202207,2026-08-30,molit_rent,죽동금성백조예미지
yemiji,예미지,전세,84.9553,14,38850,0,2022-07-07,202207,2026-08-30,molit_rent,죽동금성백조예미지
yemiji,예미지,전세,84.9553,20,42000,0,2022-07-09,202207,2026-08-30,molit_rent,죽동금성백조예미지
yemiji,예미지,매매,84.9553,7,65000,0,2022-07-11,202207,2026-08-30,molit_trade,죽동금성백조예미지
yemiji,예미지,전세,84.9553,3,40000,0,2022-07-17,202207,2026-08-30,molit_rent,죽동금성백조예미지
yemiji,예미지,전세,101.4175,5,61000,0,2022-07-22,202207,2026-08-30,molit_rent,죽동금성백조예미지
yemiji,예미지,전세,74.9973,11,36700,0,2022-07-23,202207,2026-08-30,molit_rent,죽동금성백조예미지
yemiji,예미지,전세,84.9553,25,40000,0,2022-07-27,202207,2026-08-30,molit_rent,죽동금성백조예미지
yemiji,예미지,전세,84.9553,8,39000,0,2022-07-30,202207,2026-08-30,molit_rent,죽동금성백조예미지
yemiji,예미지,전세,84.9553,26,39000,0,2022-07-30,202207,2026-08-30,molit_rent,죽동금성백조예미지
yemiji,예미지,전세,84.9553,11,39000,0,2022-08-05,202208,2026-08-30,molit_rent,죽동금성백조예미지
yemiji,예미지,전세,101.4175,17,53000,0,2022-08-05,202208,2026-08-30,molit_rent,죽동금성백조예미지
yemiji,예미지,전세,84.9553,19,38000,0,2022-08-06,202208,2026-08-30,molit_rent,죽동금성백조예미지
yemiji,예미지,전세,84.9553,27,35000,0,2022-08-15,202208,2026-08-30,molit_rent,죽동금성백조예미지
yemiji,예미지,전세,84.9553,19,30000,0,2022-08-16,202208,2026-08-30,molit_rent,죽동금성백조예미지
yemiji,예미지,전세,84.9553,29,39000,0,2022-08-20,202208,2026-08-30,molit_rent,죽동금성백조예미지
yemiji,예미지,전세,84.9553,26,40000,0,2022-08-20,202208,2026-08-30,molit_rent,죽동금성백조예미지
yemiji,예미지,전세,74.9973,12,37000,0,2022-08-24,202208,2026-08-30,molit_rent,죽동금성백조예미지
yemiji,예미지,전세,84.9553,16,39000,0,2022-08-25,202208,2026-08-30,molit_rent,죽동금성백조예미지
yemiji,예미지,전세,84.9553,14,39900,0,2022-08-25,202208,2026-08-30,molit_rent,죽동금성백조예미지
yemiji,예미지,전세,84.9553,19,40000,0,2022-08-27,202208,2026-08-30,molit_rent,죽동금성백조예미지
yemiji,예미지,전세,84.9553,14,40000,0,2022-08-28,202208,2026-08-30,molit_rent,죽동금성백조예미지
yemiji,예미지,월세,84.9553,26,12000,100,2022-08-29,202208,2026-08-30,molit_rent,죽동금성백조예미지
yemiji,예미지,전세,84.9553,22,40950,0,2022-09-03,202209,2026-08-30,molit_rent,죽동금성백조예미지
yemiji,예미지,전세,101.4175,23,59500,0,2022-09-06,202209,2026-08-30,molit_rent,죽동금성백조예미지
yemiji,예미지,전세,84.9553,13,42000,0,2022-09-07,202209,2026-08-30,molit_rent,죽동금성백조예미지
yemiji,예미지,전세,84.9553,20,44100,0,2022-09-08,202209,2026-08-30,molit_rent,죽동금성백조예미지
yemiji,예미지,전세,84.9553,4,40000,0,2022-09-14,202209,2026-08-30,molit_rent,죽동금성백조예미지
yemiji,예미지,전세,84.9553,11,39000,0,2022-09-16,202209,2026-08-30,molit_rent,죽동금성백조예미지
yemiji,예미지,매매,101.4175,18,93000,0,2022-09-17,202209,2026-08-30,molit_trade,죽동금성백조예미지
yemiji,예미지,전세,84.9553,20,36000,0,2022-09-20,202209,2026-08-30,molit_rent,죽동금성백조예미지
yemiji,예미지,전세,84.9553,13,37500,0,2022-09-23,202209,2026-08-30,molit_rent,죽동금성백조예미지
yemiji,예미지,전세,101.4175,7,65000,0,2022-09-28,202209,2026-08-30,molit_rent,죽동금성백조예미지
yemiji,예미지,월세,84.9553,21,12000,100,2022-10-01,202210,2026-08-30,molit_rent,죽동금성백조예미지
yemiji,예미지,전세,84.9553,15,38800,0,2022-10-01,202210,2026-08-30,molit_rent,죽동금성백조예미지
yemiji,예미지,매매,101.4175,23,87500,0,2022-10-06,202210,2026-08-30,molit_trade,죽동금성백조예미지
yemiji,예미지,전세,84.9553,15,41000,0,2022-10-15,202210,2026-08-30,molit_rent,죽동금성백조예미지
yemiji,예미지,월세,74.9973,14,5000,120,2022-10-22,202210,2026-08-30,molit_rent,죽동금성백조예미지
yemiji,예미지,전세,84.9553,19,40000,0,2022-10-25,202210,2026-08-30,molit_rent,죽동금성백조예미지
yemiji,예미지,매매,84.9553,28,69000,0,2022-10-26,202210,2026-08-30,molit_trade,죽동금성백조예미지
yemiji,예미지,매매,84.9553,4,58000,0,2022-10-29,202210,2026-08-30,molit_trade,죽동금성백조예미지
yemiji,예미지,전세,84.9553,11,39000,0,2022-10-31,202210,2026-08-30,molit_rent,죽동금성백조예미지
yemiji,예미지,전세,84.9553,21,45000,0,2022-11-01,202211,2026-08-30,molit_rent,죽동금성백조예미지
yemiji,예미지,월세,84.9553,5,5000,105,2022-11-03,202211,2026-08-30,molit_rent,죽동금성백조예미지
yemiji,예미지,전세,101.4175,20,50000,0,2022-11-15,202211,2026-08-30,molit_rent,죽동금성백조예미지
yemiji,예미지,전세,74.9973,8,30000,0,2022-11-19,202211,2026-08-30,molit_rent,죽동금성백조예미지
yemiji,예미지,전세,84.9553,4,40000,0,2022-11-26,202211,2026-08-30,molit_rent,죽동금성백조예미지
yemiji,예미지,매매,84.9553,25,59000,0,2022-11-28,202211,2026-08-30,molit_trade,죽동금성백조예미지
yemiji,예미지,전세,84.9553,5,36000,0,2022-12-07,202212,2026-08-30,molit_rent,죽동금성백조예미지
yemiji,예미지,매매,84.9553,5,59500,0,2022-12-09,202212,2026-08-30,molit_trade,죽동금성백조예미지
yemiji,예미지,전세,84.9553,25,36000,0,2022-12-10,202212,2026-08-30,molit_rent,죽동금성백조예미지
yemiji,예미지,전세,84.9553,12,36000,0,2022-12-13,202212,2026-08-30,molit_rent,죽동금성백조예미지
yemiji,예미지,전세,101.4175,20,6000,0,2022-12-15,202212,2026-08-30,molit_rent,죽동금성백조예미지
yemiji,예미지,월세,84.9553,17,5000,140,2022-12-20,202212,2026-08-30,molit_rent,죽동금성백조예미지
yemiji,예미지,전세,84.9553,25,23000,0,2022-12-21,202212,2026-08-30,molit_rent,죽동금성백조예미지
yemiji,예미지,월세,84.9553,15,7000,100,2022-12-26,202212,2026-08-30,molit_rent,죽동금성백조예미지
yemiji,예미지,전세,74.9973,5,30000,0,2023-01-04,202301,2026-08-30,molit_rent,죽동금성백조예미지
yemiji,예미지,전세,84.9553,9,35000,0,2023-01-07,202301,2026-08-30,molit_rent,죽동금성백조예미지
yemiji,예미지,전세,101.4175,3,51000,0,2023-01-09,202301,2026-08-30,molit_rent,죽동금성백조예미지
yemiji,예미지,전세,84.9553,12,36000,0,2023-01-14,202301,2026-08-30,molit_rent,죽동금성백조예미지
yemiji,예미지,전세,74.9973,17,34000,0,2023-01-19,202301,2026-08-30,molit_rent,죽동금성백조예미지
yemiji,예미지,전세,84.9553,21,45000,0,2023-01-19,202301,2026-08-30,molit_rent,죽동금성백조예미지
yemiji,예미지,전세,74.9973,2,30000,0,2023-02-03,202302,2026-08-30,molit_rent,죽동금성백조예미지
yemiji,예미지,매매,84.9553,12,57000,0,2023-02-04,202302,2026-08-30,molit_trade,죽동금성백조예미지
yemiji,예미지,전세,101.4175,5,42000,0,2023-02-04,202302,2026-08-30,molit_rent,죽동금성백조예미지
yemiji,예미지,월세,84.9553,10,5000,110,2023-02-04,202302,2026-08-30,molit_rent,죽동금성백조예미지
yemiji,예미지,전세,84.9553,2,45000,0,2023-02-04,202302,2026-08-30,molit_rent,죽동금성백조예미지
yemiji,예미지,전세,101.4175,10,42500,0,2023-02-04,202302,2026-08-30,molit_rent,죽동금성백조예미지
yemiji,예미지,전세,84.9553,16,31000,0,2023-02-09,202302,2026-08-30,molit_rent,죽동금성백조예미지
yemiji,예미지,매매,84.9553,8,57000,0,2023-02-13,202302,2026-08-30,molit_trade,죽동금성백조예미지
yemiji,예미지,매매,84.9553,7,60000,0,2023-02-19,202302,2026-08-30,molit_trade,죽동금성백조예미지
yemiji,예미지,매매,84.9553,21,55550,0,2023-02-25,202302,2026-08-30,molit_trade,죽동금성백조예미지
yemiji,예미지,전세,84.9553,26,34000,0,2023-02-26,202302,2026-08-30,molit_rent,죽동금성백조예미지
yemiji,예미지,전세,101.4175,12,40000,0,2023-02-26,202302,2026-08-30,molit_rent,죽동금성백조예미지
yemiji,예미지,매매,74.9973,3,55000,0,2023-02-28,202302,2026-08-30,molit_trade,죽동금성백조예미지
yemiji,예미지,전세,84.9553,1,38000,0,2023-03-01,202303,2026-08-30,molit_rent,죽동금성백조예미지
yemiji,예미지,매매,84.9553,13,64000,0,2023-03-04,202303,2026-08-30,molit_trade,죽동금성백조예미지
yemiji,예미지,전세,84.9553,24,33000,0,2023-03-04,202303,2026-08-30,molit_rent,죽동금성백조예미지
yemiji,예미지,전세,84.9553,17,40000,0,2023-03-04,202303,2026-08-30,molit_rent,죽동금성백조예미지
yemiji,예미지,전세,101.4175,4,50000,0,2023-03-11,202303,2026-08-30,molit_rent,죽동금성백조예미지
yemiji,예미지,전세,84.9553,14,38000,0,2023-03-17,202303,2026-08-30,molit_rent,죽동금성백조예미지
yemiji,예미지,매매,84.9553,18,64000,0,2023-03-25,202303,2026-08-30,molit_trade,죽동금성백조예미지
yemiji,예미지,매매,84.9553,7,61000,0,2023-03-25,202303,2026-08-30,molit_trade,죽동금성백조예미지
yemiji,예미지,매매,84.9553,12,63000,0,2023-03-26,202303,2026-08-30,molit_trade,죽동금성백조예미지
yemiji,예미지,전세,84.9553,22,36750,0,2023-03-26,202303,2026-08-30,molit_rent,죽동금성백조예미지
yemiji,예미지,전세,101.4175,11,40000,0,2023-04-01,202304,2026-08-30,molit_rent,죽동금성백조예미지
yemiji,예미지,매매,74.9973,7,56000,0,2023-04-08,202304,2026-08-30,molit_trade,죽동금성백조예미지
yemiji,예미지,전세,84.9553,14,37000,0,2023-04-08,202304,2026-08-30,molit_rent,죽동금성백조예미지
yemiji,예미지,전세,101.4175,12,41500,0,2023-04-11,202304,2026-08-30,molit_rent,죽동금성백조예미지
yemiji,예미지,전세,84.9553,20,35000,0,2023-04-13,202304,2026-08-30,molit_rent,죽동금성백조예미지
yemiji,예미지,전세,74.9973,9,33000,0,2023-04-13,202304,2026-08-30,molit_rent,죽동금성백조예미지
yemiji,예미지,월세,84.9553,15,7000,110,2023-04-14,202304,2026-08-30,molit_rent,죽동금성백조예미지
yemiji,예미지,전세,84.9553,27,35000,0,2023-04-17,202304,2026-08-30,molit_rent,죽동금성백조예미지
yemiji,예미지,전세,84.9553,5,40000,0,2023-04-21,202304,2026-08-30,molit_rent,죽동금성백조예미지
yemiji,예미지,매매,101.4175,11,86500,0,2023-05-06,202305,2026-08-30,molit_trade,죽동금성백조예미지
yemiji,예미지,전세,84.9553,24,39000,0,2023-05-10,202305,2026-08-30,molit_rent,죽동금성백조예미지
yemiji,예미지,매매,101.4175,8,80000,0,2023-05-13,202305,2026-08-30,molit_trade,죽동금성백조예미지
yemiji,예미지,전세,84.9553,3,37000,0,2023-05-17,202305,2026-08-30,molit_rent,죽동금성백조예미지
yemiji,예미지,전세,84.9553,30,40000,0,2023-05-26,202305,2026-08-30,molit_rent,죽동금성백조예미지
yemiji,예미지,매매,84.9553,22,64000,0,2023-05-29,202305,2026-08-30,molit_trade,죽동금성백조예미지
yemiji,예미지,월세,101.4175,6,5000,160,2023-06-09,202306,2026-08-30,molit_rent,죽동금성백조예미지
yemiji,예미지,전세,84.9553,2,35000,0,2023-06-12,202306,2026-08-30,molit_rent,죽동금성백조예미지
yemiji,예미지,월세,74.9973,10,3000,130,2023-06-23,202306,2026-08-30,molit_rent,죽동금성백조예미지
yemiji,예미지,월세,74.9973,10,3000,130,2023-06-29,202306,2026-08-30,molit_rent,죽동금성백조예미지
yemiji,예미지,전세,101.4175,11,45000,0,2023-07-05,202307,2026-08-30,molit_rent,죽동금성백조예미지
yemiji,예미지,전세,101.4175,4,45000,0,2023-07-07,202307,2026-08-30,molit_rent,죽동금성백조예미지
yemiji,예미지,매매,101.4175,12,85500,0,2023-07-08,202307,2026-08-30,molit_trade,죽동금성백조예미지
yemiji,예미지,전세,84.9553,24,40000,0,2023-07-08,202307,2026-08-30,molit_rent,죽동금성백조예미지
yemiji,예미지,월세,84.9553,12,5000,100,2023-07-08,202307,2026-08-30,molit_rent,죽동금성백조예미지
yemiji,예미지,전세,74.9973,8,37000,0,2023-07-22,202307,2026-08-30,molit_rent,죽동금성백조예미지
yemiji,예미지,전세,84.9553,21,40000,0,2023-08-12,202308,2026-08-30,molit_rent,죽동금성백조예미지
yemiji,예미지,전세,101.4175,21,60000,0,2023-08-14,202308,2026-08-30,molit_rent,죽동금성백조예미지
yemiji,예미지,매매,74.9973,1,53000,0,2023-08-16,202308,2026-08-30,molit_trade,죽동금성백조예미지
yemiji,예미지,매매,84.9553,20,69500,0,2023-08-19,202308,2026-08-30,molit_trade,죽동금성백조예미지
yemiji,예미지,매매,84.9553,24,71000,0,2023-08-20,202308,2026-08-30,molit_trade,죽동금성백조예미지
yemiji,예미지,매매,101.4175,16,88000,0,2023-08-21,202308,2026-08-30,molit_trade,죽동금성백조예미지
yemiji,예미지,전세,84.9553,9,38000,0,2023-09-02,202309,2026-08-30,molit_rent,죽동금성백조예미지
yemiji,예미지,전세,84.9553,13,45000,0,2023-09-02,202309,2026-08-30,molit_rent,죽동금성백조예미지
yemiji,예미지,매매,84.9553,17,70000,0,2023-09-07,202309,2026-08-30,molit_trade,죽동금성백조예미지
yemiji,예미지,매매,74.9973,14,60300,0,2023-09-09,202309,2026-08-30,molit_trade,죽동금성백조예미지
yemiji,예미지,매매,84.9553,3,67000,0,2023-09-09,202309,2026-08-30,molit_trade,죽동금성백조예미지
yemiji,예미지,전세,101.4175,16,60000,0,2023-09-11,202309,2026-08-30,molit_rent,죽동금성백조예미지
yemiji,예미지,월세,84.9553,9,13000,110,2023-09-23,202309,2026-08-30,molit_rent,죽동금성백조예미지
yemiji,예미지,월세,74.9973,16,10000,100,2023-09-23,202309,2026-08-30,molit_rent,죽동금성백조예미지
yemiji,예미지,월세,101.4175,21,15000,124,2023-10-11,202310,2026-08-30,molit_rent,죽동금성백조예미지
yemiji,예미지,월세,84.9553,11,5000,140,2023-10-14,202310,2026-08-30,molit_rent,죽동금성백조예미지
yemiji,예미지,전세,84.9553,10,45000,0,2023-10-14,202310,2026-08-30,molit_rent,죽동금성백조예미지
yemiji,예미지,전세,84.9553,17,43500,0,2023-10-23,202310,2026-08-30,molit_rent,죽동금성백조예미지
yemiji,예미지,전세,84.9553,13,40000,0,2023-10-23,202310,2026-08-30,molit_rent,죽동금성백조예미지
yemiji,예미지,전세,84.9553,1,42000,0,2023-11-04,202311,2026-08-30,molit_rent,죽동금성백조예미지
yemiji,예미지,매매,84.9553,13,70000,0,2023-11-05,202311,2026-08-30,molit_trade,죽동금성백조예미지
yemiji,예미지,매매,84.9553,12,68000,0,2023-11-11,202311,2026-08-30,molit_trade,죽동금성백조예미지
yemiji,예미지,매매,101.4175,25,89500,0,2023-11-11,202311,2026-08-30,molit_trade,죽동금성백조예미지
yemiji,예미지,전세,101.4175,22,60000,0,2023-11-11,202311,2026-08-30,molit_rent,죽동금성백조예미지
yemiji,예미지,전세,84.9553,18,39000,0,2023-11-11,202311,2026-08-30,molit_rent,죽동금성백조예미지
yemiji,예미지,전세,84.9553,8,43000,0,2023-11-17,202311,2026-08-30,molit_rent,죽동금성백조예미지
yemiji,예미지,전세,84.9553,16,45000,0,2023-11-18,202311,2026-08-30,molit_rent,죽동금성백조예미지
yemiji,예미지,매매,84.9553,11,68500,0,2023-11-25,202311,2026-08-30,molit_trade,죽동금성백조예미지
yemiji,예미지,전세,84.9553,11,35000,0,2023-11-29,202311,2026-08-30,molit_rent,죽동금성백조예미지
yemiji,예미지,전세,101.4175,4,55000,0,2023-11-29,202311,2026-08-30,molit_rent,죽동금성백조예미지
yemiji,예미지,월세,84.9553,9,25000,65,2023-11-30,202311,2026-08-30,molit_rent,죽동금성백조예미지
yemiji,예미지,매매,74.9973,17,60000,0,2023-12-02,202312,2026-08-30,molit_trade,죽동금성백조예미지
yemiji,예미지,전세,84.9553,6,43500,0,2023-12-09,202312,2026-08-30,molit_rent,죽동금성백조예미지
yemiji,예미지,전세,74.9973,11,38000,0,2023-12-09,202312,2026-08-30,molit_rent,죽동금성백조예미지
yemiji,예미지,월세,84.9553,14,5000,145,2023-12-15,202312,2026-08-30,molit_rent,죽동금성백조예미지
yemiji,예미지,매매,101.4175,24,89500,0,2023-12-20,202312,2026-08-30,molit_trade,죽동금성백조예미지
yemiji,예미지,전세,84.9553,8,40000,0,2023-12-23,202312,2026-08-30,molit_rent,죽동금성백조예미지
yemiji,예미지,매매,84.9553,17,68500,0,2024-01-04,202401,2026-08-30,molit_trade,죽동금성백조예미지
yemiji,예미지,매매,84.9553,14,71000,0,2024-01-07,202401,2026-08-30,molit_trade,죽동금성백조예미지
yemiji,예미지,전세,84.9553,17,42000,0,2024-01-07,202401,2026-08-30,molit_rent,죽동금성백조예미지
yemiji,예미지,매매,101.4175,1,73000,0,2024-01-08,202401,2026-08-30,molit_trade,죽동금성백조예미지
yemiji,예미지,전세,84.9553,20,43000,0,2024-01-13,202401,2026-08-30,molit_rent,죽동금성백조예미지
yemiji,예미지,전세,84.9553,19,42000,0,2024-01-16,202401,2026-08-30,molit_rent,죽동금성백조예미지
yemiji,예미지,월세,84.9553,15,8440,130,2024-01-18,202401,2026-08-30,molit_rent,죽동금성백조예미지
yemiji,예미지,월세,84.9553,21,15000,100,2024-01-19,202401,2026-08-30,molit_rent,죽동금성백조예미지
yemiji,예미지,전세,84.9553,8,40000,0,2024-01-20,202401,2026-08-30,molit_rent,죽동금성백조예미지
yemiji,예미지,월세,84.9553,8,5000,145,2024-01-24,202401,2026-08-30,molit_rent,죽동금성백조예미지
yemiji,예미지,매매,84.9553,3,66500,0,2024-01-27,202401,2026-08-30,molit_trade,죽동금성백조예미지
yemiji,예미지,월세,84.9553,20,5000,95,2024-02-02,202402,2026-08-30,molit_rent,죽동금성백조예미지
yemiji,예미지,전세,84.9553,7,40000,0,2024-02-05,202402,2026-08-30,molit_rent,죽동금성백조예미지
yemiji,예미지,전세,84.9553,2,40000,0,2024-02-05,202402,2026-08-30,molit_rent,죽동금성백조예미지
yemiji,예미지,매매,84.9553,7,67300,0,2024-02-15,202402,2026-08-30,molit_trade,죽동금성백조예미지
yemiji,예미지,전세,101.4175,27,64000,0,2024-02-19,202402,2026-08-30,molit_rent,죽동금성백조예미지
yemiji,예미지,월세,74.9973,8,10000,105,2024-02-24,202402,2026-08-30,molit_rent,죽동금성백조예미지
yemiji,예미지,전세,101.4175,25,52000,0,2024-03-01,202403,2026-08-30,molit_rent,죽동금성백조예미지
yemiji,예미지,전세,101.4175,6,50000,0,2024-03-01,202403,2026-08-30,molit_rent,죽동금성백조예미지
yemiji,예미지,전세,84.9553,9,43000,0,2024-03-05,202403,2026-08-30,molit_rent,죽동금성백조예미지
yemiji,예미지,매매,84.9553,1,62000,0,2024-03-09,202403,2026-08-30,molit_trade,죽동금성백조예미지
yemiji,예미지,전세,84.9553,22,42500,0,2024-03-09,202403,2026-08-30,molit_rent,죽동금성백조예미지
yemiji,예미지,전세,84.9553,15,40000,0,2024-03-18,202403,2026-08-30,molit_rent,죽동금성백조예미지
yemiji,예미지,매매,74.9973,7,62000,0,2024-03-19,202403,2026-08-30,molit_trade,죽동금성백조예미지
yemiji,예미지,매매,101.4175,20,63000,0,2024-03-29,202403,2026-08-30,molit_trade,죽동금성백조예미지
yemiji,예미지,월세,84.9553,9,5000,150,2024-04-05,202404,2026-08-30,molit_rent,죽동금성백조예미지
yemiji,예미지,전세,84.9553,15,40000,0,2024-04-15,202404,2026-08-30,molit_rent,죽동금성백조예미지
yemiji,예미지,전세,84.9553,9,40000,0,2024-04-15,202404,2026-08-30,molit_rent,죽동금성백조예미지
yemiji,예미지,전세,84.9553,2,39000,0,2024-04-23,202404,2026-08-30,molit_rent,죽동금성백조예미지
yemiji,예미지,전세,84.9553,15,40000,0,2024-04-25,202404,2026-08-30,molit_rent,죽동금성백조예미지
yemiji,예미지,전세,84.9553,6,35300,0,2024-04-27,202404,2026-08-30,molit_rent,죽동금성백조예미지
yemiji,예미지,전세,84.9553,11,36750,0,2024-04-27,202404,2026-08-30,molit_rent,죽동금성백조예미지
yemiji,예미지,매매,84.9553,9,70000,0,2024-04-30,202404,2026-08-30,molit_trade,죽동금성백조예미지
yemiji,예미지,전세,84.9553,17,40000,0,2024-05-01,202405,2026-08-30,molit_rent,죽동금성백조예미지
yemiji,예미지,전세,84.9553,18,45000,0,2024-05-01,202405,2026-08-30,molit_rent,죽동금성백조예미지
yemiji,예미지,월세,84.9553,3,30000,63,2024-05-06,202405,2026-08-30,molit_rent,죽동금성백조예미지
yemiji,예미지,매매,84.9553,12,66500,0,2024-05-07,202405,2026-08-30,molit_trade,죽동금성백조예미지
yemiji,예미지,전세,101.4175,1,46500,0,2024-05-16,202405,2026-08-30,molit_rent,죽동금성백조예미지
yemiji,예미지,매매,84.9553,7,66000,0,2024-05-17,202405,2026-08-30,molit_trade,죽동금성백조예미지
yemiji,예미지,전세,84.9553,24,43000,0,2024-05-23,202405,2026-08-30,molit_rent,죽동금성백조예미지
yemiji,예미지,전세,84.9553,4,40000,0,2024-05-31,202405,2026-08-30,molit_rent,죽동금성백조예미지
yemiji,예미지,매매,84.9553,1,60000,0,2024-06-01,202406,2026-08-30,molit_trade,죽동금성백조예미지
yemiji,예미지,매매,84.9553,20,67300,0,2024-06-01,202406,2026-08-30,molit_trade,죽동금성백조예미지
yemiji,예미지,매매,84.9553,7,66700,0,2024-06-01,202406,2026-08-30,molit_trade,죽동금성백조예미지
yemiji,예미지,전세,84.9553,12,40000,0,2024-06-01,202406,2026-08-30,molit_rent,죽동금성백조예미지
yemiji,예미지,전세,84.9553,3,40000,0,2024-06-01,202406,2026-08-30,molit_rent,죽동금성백조예미지
yemiji,예미지,전세,84.9553,17,42000,0,2024-06-08,202406,2026-08-30,molit_rent,죽동금성백조예미지
yemiji,예미지,전세,84.9553,9,42000,0,2024-06-10,202406,2026-08-30,molit_rent,죽동금성백조예미지
yemiji,예미지,전세,84.9553,30,45000,0,2024-06-15,202406,2026-08-30,molit_rent,죽동금성백조예미지
yemiji,예미지,전세,84.9553,1,42000,0,2024-06-20,202406,2026-08-30,molit_rent,죽동금성백조예미지
yemiji,예미지,전세,84.9553,1,40000,0,2024-06-21,202406,2026-08-30,molit_rent,죽동금성백조예미지
yemiji,예미지,매매,74.9973,13,62000,0,2024-06-25,202406,2026-08-30,molit_trade,죽동금성백조예미지
yemiji,예미지,매매,84.9553,15,70000,0,2024-06-30,202406,2026-08-30,molit_trade,죽동금성백조예미지
yemiji,예미지,매매,84.9553,27,70000,0,2024-07-03,202407,2026-08-30,molit_trade,죽동금성백조예미지
yemiji,예미지,월세,74.9973,13,5000,125,2024-07-03,202407,2026-08-30,molit_rent,죽동금성백조예미지
yemiji,예미지,매매,84.9553,13,65100,0,2024-07-15,202407,2026-08-30,molit_trade,죽동금성백조예미지
yemiji,예미지,전세,84.9553,14,45000,0,2024-07-15,202407,2026-08-30,molit_rent,죽동금성백조예미지
yemiji,예미지,전세,101.4175,13,53000,0,2024-07-15,202407,2026-08-30,molit_rent,죽동금성백조예미지
yemiji,예미지,매매,84.9553,11,68500,0,2024-07-16,202407,2026-08-30,molit_trade,죽동금성백조예미지
yemiji,예미지,매매,84.9553,10,67400,0,2024-07-16,202407,2026-08-30,molit_trade,죽동금성백조예미지
yemiji,예미지,매매,101.4175,27,93000,0,2024-07-21,202407,2026-08-30,molit_trade,죽동금성백조예미지
yemiji,예미지,전세,101.4175,14,57750,0,2024-07-21,202407,2026-08-30,molit_rent,죽동금성백조예미지
yemiji,예미지,매매,84.9553,30,70000,0,2024-07-22,202407,2026-08-30,molit_trade,죽동금성백조예미지
yemiji,예미지,전세,74.9973,11,39000,0,2024-07-27,202407,2026-08-30,molit_rent,죽동금성백조예미지
yemiji,예미지,매매,84.9553,28,72000,0,2024-07-30,202407,2026-08-30,molit_trade,죽동금성백조예미지
yemiji,예미지,전세,84.9553,10,38100,0,2024-08-10,202408,2026-08-30,molit_rent,죽동금성백조예미지
yemiji,예미지,매매,84.9553,4,65000,0,2024-08-12,202408,2026-08-30,molit_trade,죽동금성백조예미지
yemiji,예미지,매매,84.9553,2,61000,0,2024-08-12,202408,2026-08-30,molit_trade,죽동금성백조예미지
yemiji,예미지,매매,84.9553,13,65500,0,2024-08-14,202408,2026-08-30,molit_trade,죽동금성백조예미지
yemiji,예미지,매매,84.9553,3,63200,0,2024-08-14,202408,2026-08-30,molit_trade,죽동금성백조예미지
yemiji,예미지,매매,84.9553,1,60000,0,2024-08-17,202408,2026-08-30,molit_trade,죽동금성백조예미지
yemiji,예미지,매매,84.9553,16,64000,0,2024-08-17,202408,2026-08-30,molit_trade,죽동금성백조예미지
yemiji,예미지,전세,84.9553,20,37800,0,2024-08-21,202408,2026-08-30,molit_rent,죽동금성백조예미지
yemiji,예미지,전세,84.9553,10,38100,0,2024-08-21,202408,2026-08-30,molit_rent,죽동금성백조예미지
yemiji,예미지,매매,84.9553,6,67000,0,2024-08-23,202408,2026-08-30,molit_trade,죽동금성백조예미지
yemiji,예미지,매매,84.9553,3,63800,0,2024-08-24,202408,2026-08-30,molit_trade,죽동금성백조예미지
yemiji,예미지,전세,84.9553,14,43000,0,2024-08-27,202408,2026-08-30,molit_rent,죽동금성백조예미지
yemiji,예미지,매매,84.9553,13,67500,0,2024-08-31,202408,2026-08-30,molit_trade,죽동금성백조예미지
yemiji,예미지,매매,84.9553,6,70900,0,2024-09-03,202409,2026-08-30,molit_trade,죽동금성백조예미지
yemiji,예미지,전세,84.9553,13,42500,0,2024-09-06,202409,2026-08-30,molit_rent,죽동금성백조예미지
yemiji,예미지,매매,84.9553,14,66400,0,2024-09-07,202409,2026-08-30,molit_trade,죽동금성백조예미지
yemiji,예미지,전세,84.9553,11,42000,0,2024-09-11,202409,2026-08-30,molit_rent,죽동금성백조예미지
yemiji,예미지,월세,101.4175,7,53000,8,2024-09-12,202409,2026-08-30,molit_rent,죽동금성백조예미지
yemiji,예미지,전세,84.9553,12,38000,0,2024-09-13,202409,2026-08-30,molit_rent,죽동금성백조예미지
yemiji,예미지,전세,84.9553,13,42500,0,2024-09-14,202409,2026-08-30,molit_rent,죽동금성백조예미지
yemiji,예미지,매매,74.9973,9,59500,0,2024-09-25,202409,2026-08-30,molit_trade,죽동금성백조예미지
yemiji,예미지,전세,84.9553,4,43000,0,2024-10-04,202410,2026-08-30,molit_rent,죽동금성백조예미지
yemiji,예미지,매매,84.9553,23,72200,0,2024-10-09,202410,2026-08-30,molit_trade,죽동금성백조예미지
yemiji,예미지,매매,84.9553,20,68300,0,2024-10-11,202410,2026-08-30,molit_trade,죽동금성백조예미지
yemiji,예미지,월세,84.9553,2,2000,130,2024-10-12,202410,2026-08-30,molit_rent,죽동금성백조예미지
yemiji,예미지,매매,84.9553,4,66700,0,2024-10-19,202410,2026-08-30,molit_trade,죽동금성백조예미지
yemiji,예미지,전세,84.9553,16,39000,0,2024-10-19,202410,2026-08-30,molit_rent,죽동금성백조예미지
yemiji,예미지,전세,84.9553,15,44000,0,2024-10-19,202410,2026-08-30,molit_rent,죽동금성백조예미지
yemiji,예미지,월세,101.4175,8,10000,150,2024-10-21,202410,2026-08-30,molit_rent,죽동금성백조예미지
yemiji,예미지,월세,84.9553,5,5000,140,2024-10-21,202410,2026-08-30,molit_rent,죽동금성백조예미지
yemiji,예미지,전세,101.4175,5,61000,0,2024-10-28,202410,2026-08-30,molit_rent,죽동금성백조예미지
yemiji,예미지,전세,84.9553,19,44000,0,2024-10-29,202410,2026-08-30,molit_rent,죽동금성백조예미지
yemiji,예미지,매매,84.9553,1,60000,0,2024-11-06,202411,2026-08-30,molit_trade,죽동금성백조예미지
yemiji,예미지,월세,84.9553,2,5000,150,2024-11-07,202411,2026-08-30,molit_rent,죽동금성백조예미지
yemiji,예미지,매매,84.9553,21,67500,0,2024-11-09,202411,2026-08-30,molit_trade,죽동금성백조예미지
yemiji,예미지,월세,84.9553,17,20000,100,2024-11-09,202411,2026-08-30,molit_rent,죽동금성백조예미지
yemiji,예미지,전세,84.9553,12,45000,0,2024-11-09,202411,2026-08-30,molit_rent,죽동금성백조예미지
yemiji,예미지,매매,84.9553,7,67000,0,2024-11-16,202411,2026-08-30,molit_trade,죽동금성백조예미지
yemiji,예미지,전세,74.9973,6,38400,0,2024-11-20,202411,2026-08-30,molit_rent,죽동금성백조예미지
yemiji,예미지,전세,84.9553,21,45000,0,2024-11-21,202411,2026-08-30,molit_rent,죽동금성백조예미지
yemiji,예미지,전세,101.4175,16,60000,0,2024-11-23,202411,2026-08-30,molit_rent,죽동금성백조예미지
yemiji,예미지,전세,74.9973,17,35000,0,2024-11-29,202411,2026-08-30,molit_rent,죽동금성백조예미지
yemiji,예미지,월세,84.9553,13,15000,110,2024-12-04,202412,2026-08-30,molit_rent,죽동금성백조예미지
yemiji,예미지,전세,84.9553,6,45000,0,2024-12-16,202412,2026-08-30,molit_rent,죽동금성백조예미지
yemiji,예미지,월세,74.9973,2,20000,80,2024-12-17,202412,2026-08-30,molit_rent,죽동금성백조예미지
yemiji,예미지,월세,74.9973,7,5000,125,2024-12-27,202412,2026-08-30,molit_rent,죽동금성백조예미지
yemiji,예미지,전세,84.9553,21,45000,0,2024-12-27,202412,2026-08-30,molit_rent,죽동금성백조예미지
yemiji,예미지,매매,84.9553,26,65000,0,2025-01-09,202501,2026-08-30,molit_trade,죽동금성백조예미지
yemiji,예미지,월세,101.4175,25,15000,160,2025-01-15,202501,2026-08-30,molit_rent,죽동금성백조예미지
yemiji,예미지,전세,84.9553,5,37800,0,2025-01-16,202501,2026-08-30,molit_rent,죽동금성백조예미지
yemiji,예미지,전세,84.9553,10,44500,0,2025-01-18,202501,2026-08-30,molit_rent,죽동금성백조예미지
yemiji,예미지,전세,84.9553,25,37800,0,2025-01-20,202501,2026-08-30,molit_rent,죽동금성백조예미지
yemiji,예미지,매매,84.9553,12,70000,0,2025-01-21,202501,2026-08-30,molit_trade,죽동금성백조예미지
yemiji,예미지,월세,74.9973,8,30000,60,2025-01-25,202501,2026-08-30,molit_rent,죽동금성백조예미지
yemiji,예미지,월세,84.9553,15,5000,150,2025-02-04,202502,2026-08-30,molit_rent,죽동금성백조예미지
yemiji,예미지,전세,84.9553,26,34000,0,2025-02-08,202502,2026-08-30,molit_rent,죽동금성백조예미지
yemiji,예미지,전세,84.9553,10,43000,0,2025-02-08,202502,2026-08-30,molit_rent,죽동금성백조예미지
yemiji,예미지,전세,84.9553,14,45000,0,2025-02-11,202502,2026-08-30,molit_rent,죽동금성백조예미지
yemiji,예미지,매매,74.9973,18,58000,0,2025-02-15,202502,2026-08-30,molit_trade,죽동금성백조예미지
yemiji,예미지,매매,84.9553,3,62000,0,2025-02-17,202502,2026-08-30,molit_trade,죽동금성백조예미지
yemiji,예미지,전세,101.4175,10,44600,0,2025-02-22,202502,2026-08-30,molit_rent,죽동금성백조예미지
yemiji,예미지,매매,84.9553,6,63500,0,2025-02-28,202502,2026-08-30,molit_trade,죽동금성백조예미지
yemiji,예미지,매매,84.9553,10,71000,0,2025-03-03,202503,2026-08-30,molit_trade,죽동금성백조예미지
yemiji,예미지,전세,101.4175,3,56000,0,2025-03-04,202503,2026-08-30,molit_rent,죽동금성백조예미지
yemiji,예미지,전세,84.9553,3,43000,0,2025-03-05,202503,2026-08-30,molit_rent,죽동금성백조예미지
yemiji,예미지,전세,84.9553,9,36750,0,2025-03-09,202503,2026-08-30,molit_rent,죽동금성백조예미지
yemiji,예미지,전세,84.9553,17,45000,0,2025-03-11,202503,2026-08-30,molit_rent,죽동금성백조예미지
yemiji,예미지,매매,74.9973,16,60000,0,2025-03-12,202503,2026-08-30,molit_trade,죽동금성백조예미지
yemiji,예미지,월세,84.9553,15,700,115,2025-03-12,202503,2026-08-30,molit_rent,죽동금성백조예미지
yemiji,예미지,매매,84.9553,3,66000,0,2025-03-15,202503,2026-08-30,molit_trade,죽동금성백조예미지
yemiji,예미지,전세,101.4175,5,47000,0,2025-03-15,202503,2026-08-30,molit_rent,죽동금성백조예미지
yemiji,예미지,전세,84.9553,1,39900,0,2025-03-16,202503,2026-08-30,molit_rent,죽동금성백조예미지
yemiji,예미지,전세,84.9553,22,45000,0,2025-03-18,202503,2026-08-30,molit_rent,죽동금성백조예미지
yemiji,예미지,전세,84.9553,18,43000,0,2025-03-19,202503,2026-08-30,molit_rent,죽동금성백조예미지
yemiji,예미지,전세,84.9553,5,43000,0,2025-03-25,202503,2026-08-30,molit_rent,죽동금성백조예미지
yemiji,예미지,매매,101.4175,10,83500,0,2025-04-02,202504,2026-08-30,molit_trade,죽동금성백조예미지
yemiji,예미지,월세,84.9553,21,10000,125,2025-04-04,202504,2026-08-30,molit_rent,죽동금성백조예미지
yemiji,예미지,매매,84.9553,14,70500,0,2025-04-08,202504,2026-08-30,molit_trade,죽동금성백조예미지
yemiji,예미지,전세,101.4175,12,42000,0,2025-04-11,202504,2026-08-30,molit_rent,죽동금성백조예미지
yemiji,예미지,매매,84.9553,16,68000,0,2025-04-12,202504,2026-08-30,molit_trade,죽동금성백조예미지
yemiji,예미지,매매,84.9553,12,67400,0,2025-04-13,202504,2026-08-30,molit_trade,죽동금성백조예미지
yemiji,예미지,매매,84.9553,1,61500,0,2025-04-24,202504,2026-08-30,molit_trade,죽동금성백조예미지
yemiji,예미지,전세,84.9553,25,40000,0,2025-04-24,202504,2026-08-30,molit_rent,죽동금성백조예미지
yemiji,예미지,전세,84.9553,8,35000,0,2025-04-25,202504,2026-08-30,molit_rent,죽동금성백조예미지
yemiji,예미지,매매,101.4175,25,85000,0,2025-05-10,202505,2026-08-30,molit_trade,죽동금성백조예미지
yemiji,예미지,월세,84.9553,13,5000,145,2025-05-10,202505,2026-08-30,molit_rent,죽동금성백조예미지
yemiji,예미지,매매,84.9553,7,66500,0,2025-05-11,202505,2026-08-30,molit_trade,죽동금성백조예미지
yemiji,예미지,매매,74.9973,9,59500,0,2025-05-14,202505,2026-08-30,molit_trade,죽동금성백조예미지
yemiji,예미지,전세,74.9973,12,40000,0,2025-05-16,202505,2026-08-30,molit_rent,죽동금성백조예미지
yemiji,예미지,전세,84.9553,14,45000,0,2025-05-20,202505,2026-08-30,molit_rent,죽동금성백조예미지
yemiji,예미지,전세,101.4175,11,47250,0,2025-05-21,202505,2026-08-30,molit_rent,죽동금성백조예미지
yemiji,예미지,전세,84.9553,17,42000,0,2025-05-21,202505,2026-08-30,molit_rent,죽동금성백조예미지
yemiji,예미지,월세,84.9553,12,5000,120,2025-05-22,202505,2026-08-30,molit_rent,죽동금성백조예미지
yemiji,예미지,매매,74.9973,8,59300,0,2025-05-23,202505,2026-08-30,molit_trade,죽동금성백조예미지
yemiji,예미지,매매,84.9553,9,68800,0,2025-05-25,202505,2026-08-30,molit_trade,죽동금성백조예미지
yemiji,예미지,월세,101.4175,11,20000,125,2025-05-27,202505,2026-08-30,molit_rent,죽동금성백조예미지
yemiji,예미지,전세,84.9553,20,36700,0,2025-06-06,202506,2026-08-30,molit_rent,죽동금성백조예미지
yemiji,예미지,매매,84.9553,8,70000,0,2025-06-08,202506,2026-08-30,molit_trade,죽동금성백조예미지
yemiji,예미지,매매,74.9973,12,62000,0,2025-06-13,202506,2026-08-30,molit_trade,죽동금성백조예미지
yemiji,예미지,매매,84.9553,21,75000,0,2025-06-14,202506,2026-08-30,molit_trade,죽동금성백조예미지
yemiji,예미지,매매,84.9553,21,74700,0,2025-06-14,202506,2026-08-30,molit_trade,죽동금성백조예미지
yemiji,예미지,전세,84.9553,24,40950,0,2025-06-20,202506,2026-08-30,molit_rent,죽동금성백조예미지
yemiji,예미지,매매,84.9553,11,70500,0,2025-06-21,202506,2026-08-30,molit_trade,죽동금성백조예미지
yemiji,예미지,전세,84.9553,21,43000,0,2025-06-21,202506,2026-08-30,molit_rent,죽동금성백조예미지
yemiji,예미지,전세,101.4175,12,43500,0,2025-06-22,202506,2026-08-30,molit_rent,죽동금성백조예미지
yemiji,예미지,전세,84.9553,19,44000,0,2025-06-24,202506,2026-08-30,molit_rent,죽동금성백조예미지
yemiji,예미지,전세,74.9973,9,35000,0,2025-06-26,202506,2026-08-30,molit_rent,죽동금성백조예미지
yemiji,예미지,매매,84.9553,3,65000,0,2025-06-27,202506,2026-08-30,molit_trade,죽동금성백조예미지
yemiji,예미지,매매,84.9553,30,72500,0,2025-07-04,202507,2026-08-30,molit_trade,죽동금성백조예미지
yemiji,예미지,매매,84.9553,10,69500,0,2025-07-05,202507,2026-08-30,molit_trade,죽동금성백조예미지
yemiji,예미지,매매,84.9553,11,70000,0,2025-07-05,202507,2026-08-30,molit_trade,죽동금성백조예미지
yemiji,예미지,전세,84.9553,15,40000,0,2025-07-05,202507,2026-08-30,molit_rent,죽동금성백조예미지
yemiji,예미지,매매,84.9553,14,68000,0,2025-07-15,202507,2026-08-30,molit_trade,죽동금성백조예미지
yemiji,예미지,전세,74.9973,11,40000,0,2025-07-21,202507,2026-08-30,molit_rent,죽동금성백조예미지
yemiji,예미지,월세,84.9553,8,5000,150,2025-07-22,202507,2026-08-30,molit_rent,죽동금성백조예미지
yemiji,예미지,전세,84.9553,29,45000,0,2025-07-26,202507,2026-08-30,molit_rent,죽동금성백조예미지
yemiji,예미지,매매,84.9553,16,70000,0,2025-07-29,202507,2026-08-30,molit_trade,죽동금성백조예미지
yemiji,예미지,월세,101.4175,21,7000,160,2025-07-29,202507,2026-08-30,molit_rent,죽동금성백조예미지
yemiji,예미지,전세,84.9553,13,47000,0,2025-07-31,202507,2026-08-30,molit_rent,죽동금성백조예미지
yemiji,예미지,전세,74.9973,12,40000,0,2025-08-08,202508,2026-08-30,molit_rent,죽동금성백조예미지
yemiji,예미지,전세,84.9553,24,42000,0,2025-08-10,202508,2026-08-30,molit_rent,죽동금성백조예미지
yemiji,예미지,매매,101.4175,15,85000,0,2025-09-06,202509,2026-08-30,molit_trade,죽동금성백조예미지
yemiji,예미지,매매,84.9553,10,71700,0,2025-09-10,202509,2026-08-30,molit_trade,죽동금성백조예미지
yemiji,예미지,전세,84.9553,9,45000,0,2025-09-12,202509,2026-08-30,molit_rent,죽동금성백조예미지
yemiji,예미지,전세,84.9553,1,45000,0,2025-09-19,202509,2026-08-30,molit_rent,죽동금성백조예미지
yemiji,예미지,전세,84.9553,5,45000,0,2025-09-27,202509,2026-08-30,molit_rent,죽동금성백조예미지
yemiji,예미지,월세,84.9553,5,5000,150,2025-09-29,202509,2026-08-30,molit_rent,죽동금성백조예미지
yemiji,예미지,월세,74.9973,7,5000,140,2025-10-02,202510,2026-08-30,molit_rent,죽동금성백조예미지
yemiji,예미지,월세,84.9553,11,5000,150,2025-10-03,202510,2026-08-30,molit_rent,죽동금성백조예미지
yemiji,예미지,전세,84.9553,29,47000,0,2025-10-15,202510,2026-08-30,molit_rent,죽동금성백조예미지
yemiji,예미지,매매,84.9553,8,65000,0,2025-10-18,202510,2026-08-30,molit_trade,죽동금성백조예미지
yemiji,예미지,전세,84.9553,4,45000,0,2025-10-23,202510,2026-08-30,molit_rent,죽동금성백조예미지
yemiji,예미지,매매,84.9553,6,66800,0,2025-10-25,202510,2026-08-30,molit_trade,죽동금성백조예미지
yemiji,예미지,전세,84.9553,1,45000,0,2025-11-01,202511,2026-08-30,molit_rent,죽동금성백조예미지
yemiji,예미지,월세,101.4175,21,5000,200,2025-11-04,202511,2026-08-30,molit_rent,죽동금성백조예미지
yemiji,예미지,매매,84.9553,22,68000,0,2025-11-15,202511,2026-08-30,molit_trade,죽동금성백조예미지
yemiji,예미지,전세,84.9553,10,45000,0,2025-11-20,202511,2026-08-30,molit_rent,죽동금성백조예미지
yemiji,예미지,전세,101.4175,4,53000,0,2025-11-22,202511,2026-08-30,molit_rent,죽동금성백조예미지
yemiji,예미지,전세,84.9553,8,41000,0,2025-11-25,202511,2026-08-30,molit_rent,죽동금성백조예미지
yemiji,예미지,전세,84.9553,8,43000,0,2025-12-04,202512,2026-08-30,molit_rent,죽동금성백조예미지
yemiji,예미지,전세,84.9553,27,45000,0,2025-12-09,202512,2026-08-30,molit_rent,죽동금성백조예미지
yemiji,예미지,전세,84.9553,6,44500,0,2025-12-19,202512,2026-08-30,molit_rent,죽동금성백조예미지
yemiji,예미지,매매,84.9553,8,66800,0,2025-12-20,202512,2026-08-30,molit_trade,죽동금성백조예미지
yemiji,예미지,월세,84.9553,25,5000,160,2025-12-22,202512,2026-08-30,molit_rent,죽동금성백조예미지
yemiji,예미지,매매,84.9553,11,70500,0,2025-12-27,202512,2026-08-30,molit_trade,죽동금성백조예미지
yemiji,예미지,매매,84.9553,27,68200,0,2025-12-28,202512,2026-08-30,molit_trade,죽동금성백조예미지
yemiji,예미지,매매,84.9553,4,67000,0,2025-12-30,202512,2026-08-30,molit_trade,죽동금성백조예미지
yemiji,예미지,매매,84.9553,10,68300,0,2026-01-04,202601,2026-08-30,molit_trade,죽동금성백조예미지
yemiji,예미지,전세,84.9553,13,46000,0,2026-01-08,202601,2026-08-30,molit_rent,죽동금성백조예미지
yemiji,예미지,전세,84.9553,2,42000,0,2026-01-08,202601,2026-08-30,molit_rent,죽동금성백조예미지
yemiji,예미지,매매,84.9553,16,70800,0,2026-01-11,202601,2026-08-30,molit_trade,죽동금성백조예미지
yemiji,예미지,매매,84.9553,3,65000,0,2026-01-15,202601,2026-08-30,molit_trade,죽동금성백조예미지
yemiji,예미지,전세,84.9553,2,44000,0,2026-01-15,202601,2026-08-30,molit_rent,죽동금성백조예미지
yemiji,예미지,전세,84.9553,7,45000,0,2026-01-17,202601,2026-08-30,molit_rent,죽동금성백조예미지
yemiji,예미지,매매,84.9553,15,70000,0,2026-01-19,202601,2026-08-30,molit_trade,죽동금성백조예미지
yemiji,예미지,매매,84.9553,24,73000,0,2026-01-23,202601,2026-08-30,molit_trade,죽동금성백조예미지
yemiji,예미지,월세,84.9553,9,5000,150,2026-01-31,202601,2026-08-30,molit_rent,죽동금성백조예미지
yemiji,예미지,매매,101.4175,25,88000,0,2026-02-02,202602,2026-08-30,molit_trade,죽동금성백조예미지
yemiji,예미지,월세,101.4175,24,15000,140,2026-02-07,202602,2026-08-30,molit_rent,죽동금성백조예미지
yemiji,예미지,전세,74.9973,11,40000,0,2026-02-07,202602,2026-08-30,molit_rent,죽동금성백조예미지
yemiji,예미지,매매,101.4175,1,80000,0,2026-02-08,202602,2026-08-30,molit_trade,죽동금성백조예미지
yemiji,예미지,전세,101.4175,25,51500,0,2026-02-08,202602,2026-08-30,molit_rent,죽동금성백조예미지
yemiji,예미지,전세,84.9553,20,45000,0,2026-02-12,202602,2026-08-30,molit_rent,죽동금성백조예미지
yemiji,예미지,매매,84.9553,2,67300,0,2026-02-14,202602,2026-08-30,molit_trade,죽동금성백조예미지
yemiji,예미지,매매,84.9553,24,72000,0,2026-02-15,202602,2026-08-30,molit_trade,죽동금성백조예미지
yemiji,예미지,전세,84.9553,4,47000,0,2026-02-19,202602,2026-08-30,molit_rent,죽동금성백조예미지
yemiji,예미지,전세,84.9553,17,43500,0,2026-02-21,202602,2026-08-30,molit_rent,죽동금성백조예미지
yemiji,예미지,전세,84.9553,19,47000,0,2026-02-25,202602,2026-08-30,molit_rent,죽동금성백조예미지
yemiji,예미지,매매,101.4175,14,93000,0,2026-03-05,202603,2026-08-30,molit_trade,죽동금성백조예미지
yemiji,예미지,전세,84.9553,18,48000,0,2026-03-05,202603,2026-08-30,molit_rent,죽동금성백조예미지
yemiji,예미지,매매,84.9553,3,67000,0,2026-03-07,202603,2026-08-30,molit_trade,죽동금성백조예미지
yemiji,예미지,월세,84.9553,24,5000,150,2026-03-07,202603,2026-08-30,molit_rent,죽동금성백조예미지
yemiji,예미지,전세,74.9973,17,42000,0,2026-03-07,202603,2026-08-30,molit_rent,죽동금성백조예미지
yemiji,예미지,전세,101.4175,14,70000,0,2026-03-07,202603,2026-08-30,molit_rent,죽동금성백조예미지
yemiji,예미지,전세,101.4175,26,56000,0,2026-03-07,202603,2026-08-30,molit_rent,죽동금성백조예미지
yemiji,예미지,매매,74.9973,8,59900,0,2026-03-13,202603,2026-08-30,molit_trade,죽동금성백조예미지
yemiji,예미지,전세,101.4175,5,61000,0,2026-03-16,202603,2026-08-30,molit_rent,죽동금성백조예미지
yemiji,예미지,매매,84.9553,8,69000,0,2026-03-23,202603,2026-08-30,molit_trade,죽동금성백조예미지
yemiji,예미지,매매,101.4175,10,84500,0,2026-03-26,202603,2026-08-30,molit_trade,죽동금성백조예미지
yemiji,예미지,매매,84.9553,5,67000,0,2026-03-28,202603,2026-08-30,molit_trade,죽동금성백조예미지
yemiji,예미지,전세,84.9553,15,40000,0,2026-03-28,202603,2026-08-30,molit_rent,죽동금성백조예미지
yemiji,예미지,매매,74.9973,8,62000,0,2026-03-29,202603,2026-08-30,molit_trade,죽동금성백조예미지
yemiji,예미지,매매,101.4175,18,86500,0,2026-04-04,202604,2026-08-30,molit_trade,죽동금성백조예미지
yemiji,예미지,매매,84.9553,22,69500,0,2026-04-10,202604,2026-08-30,molit_trade,죽동금성백조예미지
yemiji,예미지,매매,84.9553,2,63500,0,2026-04-13,202604,2026-08-30,molit_trade,죽동금성백조예미지
yemiji,예미지,월세,84.9553,11,15000,130,2026-04-18,202604,2026-08-30,molit_rent,죽동금성백조예미지
yemiji,예미지,월세,84.9553,29,500,150,2026-04-18,202604,2026-08-30,molit_rent,죽동금성백조예미지
yemiji,예미지,전세,84.9553,2,45000,0,2026-04-29,202604,2026-08-30,molit_rent,죽동금성백조예미지
yemiji,예미지,전세,84.9553,17,46000,0,2026-05-01,202605,2026-08-30,molit_rent,죽동금성백조예미지
yemiji,예미지,매매,84.9553,6,67700,0,2026-05-05,202605,2026-08-30,molit_trade,죽동금성백조예미지
yemiji,예미지,전세,84.9553,9,45000,0,2026-05-09,202605,2026-08-30,molit_rent,죽동금성백조예미지
yemiji,예미지,매매,84.9553,7,68000,0,2026-05-13,202605,2026-08-30,molit_trade,죽동금성백조예미지
yemiji,예미지,전세,84.9553,13,43000,0,2026-05-16,202605,2026-08-30,molit_rent,죽동금성백조예미지
yemiji,예미지,매매,84.9553,30,71000,0,2026-05-24,202605,2026-08-30,molit_trade,죽동금성백조예미지
yemiji,예미지,매매,101.4175,8,82000,0,2026-05-25,202605,2026-08-30,molit_trade,죽동금성백조예미지
yemiji,예미지,월세,84.9553,16,5000,150,2026-05-27,202605,2026-08-30,molit_rent,죽동금성백조예미지
yemiji,예미지,전세,84.9553,2,42000,0,2026-05-27,202605,2026-08-30,molit_rent,죽동금성백조예미지
yemiji,예미지,매매,101.4175,18,87000,0,2026-06-04,202606,2026-08-30,molit_trade,죽동금성백조예미지
yemiji,예미지,매매,84.9553,8,72500,0,2026-06-05,202606,2026-08-30,molit_trade,죽동금성백조예미지
yemiji,예미지,전세,84.9553,9,42000,0,2026-06-05,202606,2026-08-30,molit_rent,죽동금성백조예미지
yemiji,예미지,매매,84.9553,8,72500,0,2026-06-06,202606,2026-08-30,molit_trade,죽동금성백조예미지
yemiji,예미지,전세,84.9553,6,37065,0,2026-06-10,202606,2026-08-30,molit_rent,죽동금성백조예미지
yemiji,예미지,전세,101.4175,17,55000,0,2026-06-10,202606,2026-08-30,molit_rent,죽동금성백조예미지
yemiji,예미지,전세,84.9553,15,40000,0,2026-06-10,202606,2026-08-30,molit_rent,죽동금성백조예미지
yemiji,예미지,전세,84.9553,15,42000,0,2026-06-10,202606,2026-08-30,molit_rent,죽동금성백조예미지
yemiji,예미지,매매,84.9553,4,68000,0,2026-06-20,202606,2026-08-30,molit_trade,죽동금성백조예미지
yemiji,예미지,매매,74.9973,17,61000,0,2026-06-22,202606,2026-08-30,molit_trade,죽동금성백조예미지
yemiji,예미지,매매,84.9553,28,70600,0,2026-06-24,202606,2026-08-30,molit_trade,죽동금성백조예미지
yemiji,예미지,매매,84.9553,18,67000,0,2026-07-05,202607,2026-08-30,molit_trade,죽동금성백조예미지
yemiji,예미지,전세,84.9553,25,44500,0,2026-07-05,202607,2026-08-30,molit_rent,죽동금성백조예미지
yemiji,예미지,월세,74.9973,13,5000,132,2026-07-14,202607,2026-08-30,molit_rent,죽동금성백조예미지
yemiji,예미지,전세,84.9553,16,41000,0,2026-07-15,202607,2026-08-30,molit_rent,죽동금성백조예미지
yemiji,예미지,매매,84.9553,20,67000,0,2026-07-16,202607,2026-08-30,molit_trade,죽동금성백조예미지
yemiji,예미지,전세,84.9553,27,45000,0,2026-07-18,202607,2026-08-30,molit_rent,죽동금성백조예미지
yemiji,예미지,매매,101.4175,11,85500,0,2026-07-24,202607,2026-08-30,molit_trade,죽동금성백조예미지
yemiji,예미지,매매,84.9553,23,73300,0,2026-07-26,202607,2026-08-30,molit_trade,죽동금성백조예미지
yemiji,예미지,매매,84.9553,12,69800,0,2026-07-27,202607,2026-08-30,molit_trade,죽동금성백조예미지
yemiji,예미지,매매,84.9553,6,67000,0,2026-07-28,202607,2026-08-30,molit_trade,죽동금성백조예미지
yemiji,예미지,월세,84.9553,17,5000,140,2026-07-29,202607,2026-08-30,molit_rent,죽동금성백조예미지
yemiji,예미지,전세,84.9553,9,43000,0,2026-08-07,202608,2026-08-30,molit_rent,죽동금성백조예미지
yemiji,예미지,월세,84.9553,26,5000,150,2026-08-16,202608,2026-08-30,molit_rent,죽동금성백조예미지
yemiji,예미지,매매,74.9973,1,55500,0,2026-08-18,202608,2026-08-30,molit_trade,죽동금성백조예미지
yemiji,예미지,전세,84.9553,22,40950,0,2026-08-22,202608,2026-08-30,molit_rent,죽동금성백조예미지
yemiji,예미지,전세,84.9553,14,45000,0,2026-08-27,202608,2026-08-30,molit_rent,죽동금성백조예미지
